Id,Age,BirthId,FirstName,Height,LastName,Name,Nationality,Number,Photo,Position,TeamId
3,29,,"",,"","E. Oelschlägel","",32,https://media.api-sports.io/football/players/3.png,Goalkeeper,186
5,29,,"",,"","M. Akanji","",25,https://media.api-sports.io/football/players/5.png,Defender,50
6,25,,"",,"","L. Balerdi","",5,https://media.api-sports.io/football/players/6.png,Defender,81
8,31,,"",,"","Raphaël Guerreiro","",22,https://media.api-sports.io/football/players/8.png,Defender,157
9,26,,"",,"","A. Hakimi","",2,https://media.api-sports.io/football/players/9.png,Defender,85
13,25,,"",,"","D. Zagadou","",23,https://media.api-sports.io/football/players/13.png,Defender,172
14,28,,"",,"","M. Dahoud","",18,https://media.api-sports.io/football/players/14.png,Midfielder,169
16,32,,"",,"","M. Götze","",27,https://media.api-sports.io/football/players/16.png,Midfielder,169
17,26,,"",,"","C. Pulišić","",11,https://media.api-sports.io/football/players/17.png,Midfielder,489
18,24,,"",,"","J. Sancho","",19,https://media.api-sports.io/football/players/18.png,Attacker,49
19,29,,"",,"","J. Weigl","",8,https://media.api-sports.io/football/players/19.png,Midfielder,163
20,35,,"",,"","A. Witsel","",20,https://media.api-sports.io/football/players/20.png,Defender,530
22,26,,"",,"","J. Bruun Larsen","",29,https://media.api-sports.io/football/players/22.png,Attacker,167
23,24,,"",,"","Sergio Gómez","",17,https://media.api-sports.io/football/players/23.png,Defender,548
24,30,,"",,"","M. Philipp","",26,https://media.api-sports.io/football/players/24.png,Attacker,160
26,29,,"",,"","M. Wolf","",11,https://media.api-sports.io/football/players/26.png,Midfielder,170
29,31,,"",,"","J. Oblak","",13,https://media.api-sports.io/football/players/29.png,Goalkeeper,530
31,29,,"",,"","J. Giménez","",2,https://media.api-sports.io/football/players/31.png,Defender,530
33,28,,"",,"","L. Hernández","",21,https://media.api-sports.io/football/players/33.png,Defender,85
44,28,,"",,"",Rodri,"",16,https://media.api-sports.io/football/players/44.png,Midfielder,50
45,29,,"",,"","T. Lemar","",11,https://media.api-sports.io/football/players/45.png,Midfielder,530
48,30,,"",,"","Saúl","",17,https://media.api-sports.io/football/players/48.png,Midfielder,536
49,31,,"",,"","T. Partey","",5,https://media.api-sports.io/football/players/49.png,Midfielder,42
50,32,,"",,"",Koke,"",6,https://media.api-sports.io/football/players/50.png,Midfielder,530
52,23,,"",,"","Sergio Camello","",14,https://media.api-sports.io/football/players/52.png,Attacker,728
53,29,,"",,"","Á. Correa","",10,https://media.api-sports.io/football/players/53.png,Attacker,530
56,33,,"",,"","A. Griezmann","",7,https://media.api-sports.io/football/players/56.png,Attacker,530
59,32,,"",,"","Álvaro Morata","",7,https://media.api-sports.io/football/players/59.png,Attacker,489
68,32,,"",,"","Clinton Mata","",22,https://media.api-sports.io/football/players/68.png,Defender,80
80,27,,"",,"","E. Dennis","",25,https://media.api-sports.io/football/players/80.png,Attacker,65
81,25,,"",,"","K. Diatta","",27,https://media.api-sports.io/football/players/81.png,Midfielder,91
83,27,,"",,"","A. Danjuma","",11,https://media.api-sports.io/football/players/83.png,Attacker,547
85,24,,"",,"","C. Ngonge","",26,https://media.api-sports.io/football/players/85.png,Attacker,492
86,24,,"",,"","L. Openda","",11,https://media.api-sports.io/football/players/86.png,Attacker,173
95,23,,"",,"","B. Badiashile","",5,https://media.api-sports.io/football/players/95.png,Defender,49
98,27,,"",,"","B. Henrichs","",39,https://media.api-sports.io/football/players/98.png,Defender,173
102,32,,"",,"","D. Sidibé","",19,https://media.api-sports.io/football/players/102.png,Defender,96
103,30,,"",,"","J. Aholou","",6,https://media.api-sports.io/football/players/103.png,Midfielder,77
104,29,,"",,"","Carlos Vinícius","",12,https://media.api-sports.io/football/players/104.png,Attacker,36
107,24,,"",,"","S. Diop","",10,https://media.api-sports.io/football/players/107.png,Midfielder,84
109,28,,"",,"","A. Golovin","",10,https://media.api-sports.io/football/players/109.png,Midfielder,91
116,23,,"",,"","K. Thuram","",19,https://media.api-sports.io/football/players/116.png,Midfielder,496
123,23,,"",,"","P. Pellegri","",9,https://media.api-sports.io/football/players/123.png,Attacker,511
124,35,,"",,"","J. Cillessen","",1,https://media.api-sports.io/football/players/124.png,Goalkeeper,534
126,25,,"",,"","Iñaki Peña","",13,https://media.api-sports.io/football/players/126.png,Goalkeeper,529
127,32,,"",,"","M. ter Stegen","",1,https://media.api-sports.io/football/players/127.png,Goalkeeper,529
130,31,,"",,"","Nélson Semedo","",22,https://media.api-sports.io/football/players/130.png,Defender,39
131,25,,"",,"","Jorge Cuenca","",15,https://media.api-sports.io/football/players/131.png,Defender,36
133,29,,"",,"","C. Lenglet","",15,https://media.api-sports.io/football/players/133.png,Defender,530
134,24,,"",,"","Juan Miranda","",33,https://media.api-sports.io/football/players/134.png,Defender,500
137,32,,"",,"","Sergi Roberto","",20,https://media.api-sports.io/football/players/137.png,Midfielder,895
138,25,,"",,"","J. Todibo","",25,https://media.api-sports.io/football/players/138.png,Defender,48
139,31,,"",,"","S. Umtiti","",14,https://media.api-sports.io/football/players/139.png,Defender,79
143,26,,"",,"","Carles Aleñá","",11,https://media.api-sports.io/football/players/143.png,Midfielder,546
150,28,,"",,"",Arthur,"",18,https://media.api-sports.io/football/players/150.png,Midfielder,496
153,27,,"",,"","O. Dembélé","",10,https://media.api-sports.io/football/players/153.png,Attacker,85
155,24,,"",,"","Abel Ruiz","",9,https://media.api-sports.io/football/players/155.png,Attacker,547
158,32,,"",,"","P. Gazzaniga","",13,https://media.api-sports.io/football/players/158.png,Goalkeeper,547
161,26,,"",,"","A. Whiteman","",41,https://media.api-sports.io/football/players/161.png,Goalkeeper,47
164,31,,"",,"","B. Davies","",33,https://media.api-sports.io/football/players/164.png,Defender,47
166,26,,"",,"","J. Foyth","",8,https://media.api-sports.io/football/players/166.png,Defender,533
169,34,,"",,"","K. Trippier","",2,https://media.api-sports.io/football/players/169.png,Defender,34
171,27,,"",,"","K. Walker-Peters","",2,https://media.api-sports.io/football/players/171.png,Defender,41
174,32,,"",,"","C. Eriksen","",14,https://media.api-sports.io/football/players/174.png,Midfielder,33
175,30,,"",,"","E. Dier","",15,https://media.api-sports.io/football/players/175.png,Defender,157
180,24,,"",,"","O. Skipp","",22,https://media.api-sports.io/football/players/180.png,Midfielder,46
182,28,,"",,"","H. Winks","",8,https://media.api-sports.io/football/players/182.png,Midfielder,46
184,31,,"",,"","H. Kane","",9,https://media.api-sports.io/football/players/184.png,Attacker,157
186,32,,"",,"","Son Heung-Min","",7,https://media.api-sports.io/football/players/186.png,Attacker,47
189,39,,"",,"","D. Padelli","",93,https://media.api-sports.io/football/players/189.png,Goalkeeper,494
193,36,,"",,"","D. D&apos;Ambrosio","",33,https://media.api-sports.io/football/players/193.png,Defender,1579
194,32,,"",,"","S. de Vrij","",6,https://media.api-sports.io/football/players/194.png,Defender,505
198,29,,"",,"","M. Škriniar","",37,https://media.api-sports.io/football/players/198.png,Defender,85
200,25,,"",,"","G. Zappa","",28,https://media.api-sports.io/football/players/200.png,Defender,490
203,30,,"",,"","R. Gagliardini","",6,https://media.api-sports.io/football/players/203.png,Midfielder,1579
207,35,,"",,"","I. Perišić","",5,https://media.api-sports.io/football/players/207.png,Attacker,197
211,33,,"",,"","M. Vecino","",5,https://media.api-sports.io/football/players/211.png,Midfielder,487
215,22,,"",,"","S. Esposito","",99,https://media.api-sports.io/football/players/215.png,Attacker,511
217,27,,"",,"","Lautaro Martínez","",10,https://media.api-sports.io/football/players/217.png,Attacker,505
219,31,,"",,"","M. Politano","",21,https://media.api-sports.io/football/players/219.png,Attacker,492
223,27,,"",,"","Y. van Osch","",21,https://media.api-sports.io/football/players/223.png,Goalkeeper,417
224,33,,"",,"","J. Zoet","",41,https://media.api-sports.io/football/players/224.png,Goalkeeper,201
226,28,,"",,"","D. Dumfries","",2,https://media.api-sports.io/football/players/226.png,Defender,505
227,27,,"",,"","Angeliño","",3,https://media.api-sports.io/football/players/227.png,Defender,497
228,25,,"",,"","A. Obispo","",4,https://media.api-sports.io/football/players/228.png,Defender,197
231,25,,"",,"","J. Teze","",4,https://media.api-sports.io/football/players/231.png,Defender,91
232,35,,"",,"","N. Viergever","",24,https://media.api-sports.io/football/players/232.png,Defender,207
233,25,,"",,"","Mauro Júnior","",17,https://media.api-sports.io/football/players/233.png,Defender,197
236,22,,"",,"","M. Ihattaren","",52,https://media.api-sports.io/football/players/236.png,Midfielder,417
237,29,,"",,"","G. Pereiro","",11,https://media.api-sports.io/football/players/237.png,Midfielder,495
240,27,,"",,"","P. Rosario","",8,https://media.api-sports.io/football/players/240.png,Midfielder,84
241,25,,"",,"","M. Sadílek","",23,https://media.api-sports.io/football/players/241.png,Midfielder,415
242,30,,"",,"","R. Thomas","",30,https://media.api-sports.io/football/players/242.png,Midfielder,193
243,24,,"",,"","Z. Aboukhlal","",7,https://media.api-sports.io/football/players/243.png,Attacker,96
246,34,,"",,"","L. de Jong","",9,https://media.api-sports.io/football/players/246.png,Attacker,197
247,25,,"",,"","C. Gakpo","",18,https://media.api-sports.io/football/players/247.png,Attacker,40
248,29,,"",,"","H. Lozano","",27,https://media.api-sports.io/football/players/248.png,Attacker,197
249,25,,"",,"","D. Malen","",21,https://media.api-sports.io/football/players/249.png,Attacker,165
253,31,,"",,"","A. Areola","",23,https://media.api-sports.io/football/players/253.png,Goalkeeper,48
257,30,,"",,"",Marquinhos,"",5,https://media.api-sports.io/football/players/257.png,Defender,85
258,31,,"",,"","Juan Bernat","",12,https://media.api-sports.io/football/players/258.png,Defender,533
261,28,,"",,"","T. Kehrer","",5,https://media.api-sports.io/football/players/261.png,Defender,91
262,29,,"",,"","P. Kimpembe","",3,https://media.api-sports.io/football/players/262.png,Defender,85
264,33,,"",,"","T. Meunier","",12,https://media.api-sports.io/football/players/264.png,Defender,79
269,27,,"",,"","C. Nkunku","",18,https://media.api-sports.io/football/players/269.png,Attacker,49
270,25,,"",,"","S. Nsoki","",34,https://media.api-sports.io/football/players/270.png,Defender,167
271,30,,"",,"","L. Paredes","",16,https://media.api-sports.io/football/players/271.png,Midfielder,497
272,29,,"",,"","A. Rabiot","",25,https://media.api-sports.io/football/players/272.png,Midfielder,81
278,26,,"",,"","Kylian Mbappé","",9,https://media.api-sports.io/football/players/278.png,Attacker,541
280,32,,"",,"","Alisson Becker","",1,https://media.api-sports.io/football/players/280.png,Goalkeeper,40
281,26,,"",,"","C. Kelleher","",62,https://media.api-sports.io/football/players/281.png,Goalkeeper,40
283,26,,"",,"","T. Alexander-Arnold","",66,https://media.api-sports.io/football/players/283.png,Defender,40
284,27,,"",,"","J. Gomez","",2,https://media.api-sports.io/football/players/284.png,Defender,40
285,22,,"",,"","K. Hoever","",23,https://media.api-sports.io/football/players/285.png,Defender,108
288,32,,"",,"","Alberto Moreno","",18,https://media.api-sports.io/football/players/288.png,Defender,895
289,30,,"",,"","A. Robertson","",26,https://media.api-sports.io/football/players/289.png,Defender,40
290,33,,"",,"","V. van Dijk","",4,https://media.api-sports.io/football/players/290.png,Defender,40
292,34,,"",,"","J. Henderson","",6,https://media.api-sports.io/football/players/292.png,Midfielder,194
293,23,,"",,"","C. Jones","",17,https://media.api-sports.io/football/players/293.png,Midfielder,40
294,29,,"",,"","N. Keïta","",18,https://media.api-sports.io/football/players/294.png,Midfielder,162
295,36,,"",,"","A. Lallana","",10,https://media.api-sports.io/football/players/295.png,Midfielder,41
296,38,,"",,"","J. Milner","",6,https://media.api-sports.io/football/players/296.png,Midfielder,51
306,32,,"",,"","Mohamed Salah","",11,https://media.api-sports.io/football/players/306.png,Attacker,40
312,27,,"",,"","A. Meret","",1,https://media.api-sports.io/football/players/312.png,Goalkeeper,492
314,39,,"",,"","Raúl Albiol","",3,https://media.api-sports.io/football/players/314.png,Defender,533
317,30,,"",,"","E. Hysaj","",23,https://media.api-sports.io/football/players/317.png,Defender,487
319,28,,"",,"","S. Luperto","",6,https://media.api-sports.io/football/players/319.png,Defender,490
320,33,,"",,"","N. Maksimović","",52,https://media.api-sports.io/football/players/320.png,Defender,82
322,33,,"",,"","Mário Rui","",,https://media.api-sports.io/football/players/322.png,Defender,492
325,24,,"",,"","G. Gaetano","",70,https://media.api-sports.io/football/players/325.png,Midfielder,490
328,28,,"",,"","Fabián Ruiz","",8,https://media.api-sports.io/football/players/328.png,Midfielder,85
329,30,,"",,"","P. Zieliński","",7,https://media.api-sports.io/football/players/329.png,Midfielder,505
333,30,,"",,"","A. Milik","",14,https://media.api-sports.io/football/players/333.png,Attacker,496
334,32,,"",,"","S. Verdi","",90,https://media.api-sports.io/football/players/334.png,Midfielder,895
372,26,,"",,"","Éder Militão","",3,https://media.api-sports.io/football/players/372.png,Defender,541
375,30,,"",,"","C. Mbemba","",99,https://media.api-sports.io/football/players/375.png,Defender,81
376,25,,"",,"","Diogo Leite","",4,https://media.api-sports.io/football/players/376.png,Defender,182
399,28,,"",,"","A. Nübel","",33,https://media.api-sports.io/football/players/399.png,Goalkeeper,172
403,31,,"",,"","M. Nastasić","",22,https://media.api-sports.io/football/players/403.png,Defender,537
409,30,,"",,"","N. Bentaleb","",6,https://media.api-sports.io/football/players/409.png,Midfielder,79
412,27,,"",,"","A. Harit","",11,https://media.api-sports.io/football/players/412.png,Midfielder,81
414,31,,"",,"","Omar Mascarell","",5,https://media.api-sports.io/football/players/414.png,Midfielder,798
415,26,,"",,"","W. McKennie","",16,https://media.api-sports.io/football/players/415.png,Midfielder,496
418,27,,"",,"","S. Serdar","",25,https://media.api-sports.io/football/players/418.png,Midfielder,504
421,27,,"",,"","B. Embolo","",36,https://media.api-sports.io/football/players/421.png,Attacker,91
424,32,,"",,"","S. Skrzybski","",7,https://media.api-sports.io/football/players/424.png,Attacker,191
433,28,,"",,"","Marcão","",23,https://media.api-sports.io/football/players/433.png,Defender,536
483,23,,"",,"","K. Kvaratskhelia","",77,https://media.api-sports.io/football/players/483.png,Attacker,492
495,24,,"",,"","C. Früchtl","",1,https://media.api-sports.io/football/players/495.png,Goalkeeper,867
497,38,,"",,"","M. Neuer","",1,https://media.api-sports.io/football/players/497.png,Goalkeeper,157
498,36,,"",,"","S. Ulreich","",26,https://media.api-sports.io/football/players/498.png,Goalkeeper,157
501,36,,"",,"","M. Hummels","",15,https://media.api-sports.io/football/players/501.png,Defender,497
502,29,,"",,"","J. Kimmich","",6,https://media.api-sports.io/football/players/502.png,Midfielder,157
505,32,,"",,"","D. Alaba","",4,https://media.api-sports.io/football/players/505.png,Defender,541
506,29,,"",,"","N. Süle","",25,https://media.api-sports.io/football/players/506.png,Defender,165
508,28,,"",,"","K. Coman","",11,https://media.api-sports.io/football/players/508.png,Attacker,157
509,24,,"",,"","A. Davies","",19,https://media.api-sports.io/football/players/509.png,Defender,157
510,29,,"",,"","S. Gnabry","",7,https://media.api-sports.io/football/players/510.png,Attacker,157
511,29,,"",,"","L. Goretzka","",8,https://media.api-sports.io/football/players/511.png,Midfielder,157
512,25,,"",,"","Jeong Woo-Yeong","",11,https://media.api-sports.io/football/players/512.png,Midfielder,182
517,33,,"",,"","J. Rodríguez","",10,https://media.api-sports.io/football/players/517.png,Midfielder,728
519,30,,"",,"","C. Tolisso","",8,https://media.api-sports.io/football/players/519.png,Midfielder,80
521,36,,"",,"","R. Lewandowski","",9,https://media.api-sports.io/football/players/521.png,Attacker,529
522,35,,"",,"","T. Müller","",25,https://media.api-sports.io/football/players/522.png,Attacker,157
523,24,,"",,"","I. El Maach","",16,https://media.api-sports.io/football/players/523.png,Goalkeeper,415
526,28,,"",,"","A. Onana","",24,https://media.api-sports.io/football/players/526.png,Goalkeeper,33
529,32,,"",,"","N. Tagliafico","",3,https://media.api-sports.io/football/players/529.png,Defender,80
530,24,,"",,"","M. Bakker","",20,https://media.api-sports.io/football/players/530.png,Defender,79
531,34,,"",,"","D. Blind","",17,https://media.api-sports.io/football/players/531.png,Defender,547
532,25,,"",,"","M. de Ligt","",4,https://media.api-sports.io/football/players/532.png,Defender,33
533,27,,"",,"","R. Kristensen","",13,https://media.api-sports.io/football/players/533.png,Defender,169
535,25,,"",,"","P. Schuurs","",3,https://media.api-sports.io/football/players/535.png,Defender,503
536,29,,"",,"","D. Sinkgraven","",22,https://media.api-sports.io/football/players/536.png,Defender,534
537,32,,"",,"","J. Veltman","",34,https://media.api-sports.io/football/players/537.png,Defender,51
538,27,,"",,"","F. de Jong","",21,https://media.api-sports.io/football/players/538.png,Midfielder,529
539,26,,"",,"","D. de Wit","",10,https://media.api-sports.io/football/players/539.png,Midfielder,176
540,26,,"",,"","C. Eiting","",6,https://media.api-sports.io/football/players/540.png,Midfielder,415
541,24,,"",,"","J. Ekkelenkamp","",32,https://media.api-sports.io/football/players/541.png,Midfielder,494
542,22,,"",,"","R. Gravenberch","",38,https://media.api-sports.io/football/players/542.png,Midfielder,40
544,25,,"",,"","N. Lang","",10,https://media.api-sports.io/football/players/544.png,Attacker,197
545,27,,"",,"","N. Mazraoui","",3,https://media.api-sports.io/football/players/545.png,Defender,33
546,38,,"",,"","L. Schöne","",20,https://media.api-sports.io/football/players/546.png,Midfielder,413
547,27,,"",,"","D. van de Beek","",6,https://media.api-sports.io/football/players/547.png,Midfielder,547
552,27,,"",,"","David Neres","",7,https://media.api-sports.io/football/players/552.png,Attacker,492
556,25,,"",,"","M. Svilar","",99,https://media.api-sports.io/football/players/556.png,Goalkeeper,497
557,30,,"",,"","O. Vlachodimos","",19,https://media.api-sports.io/football/players/557.png,Goalkeeper,34
561,29,,"",,"","T. Ebuehi","",24,https://media.api-sports.io/football/players/561.png,Defender,511
563,29,,"",,"","Álex Grimaldo","",20,https://media.api-sports.io/football/players/563.png,Defender,168
567,27,,"",,"","Rúben Dias","",3,https://media.api-sports.io/football/players/567.png,Defender,50
570,30,,"",,"","F. Cervi","",11,https://media.api-sports.io/football/players/570.png,Midfielder,538
581,25,,"",,"",Jota,"",27,https://media.api-sports.io/football/players/581.png,Attacker,94
583,25,,"",,"","João Félix","",14,https://media.api-sports.io/football/players/583.png,Attacker,49
584,30,,"",,"","V. Barkas","",1,https://media.api-sports.io/football/players/584.png,Goalkeeper,207
616,26,,"",,"","A. Murić","",1,https://media.api-sports.io/football/players/616.png,Goalkeeper,57
617,31,,"",,"",Ederson,"",31,https://media.api-sports.io/football/players/617.png,Goalkeeper,50
618,33,,"",,"",Danilo,"",6,https://media.api-sports.io/football/players/618.png,Defender,496
619,23,,"",,"","Eric García","",24,https://media.api-sports.io/football/players/619.png,Defender,529
625,27,,"",,"","P. Sandler","",3,https://media.api-sports.io/football/players/625.png,Defender,413
626,30,,"",,"","J. Stones","",5,https://media.api-sports.io/football/players/626.png,Defender,50
627,34,,"",,"","K. Walker","",2,https://media.api-sports.io/football/players/627.png,Defender,50
628,23,,"",,"","Adrián Bernabé","",10,https://media.api-sports.io/football/players/628.png,Midfielder,523
629,33,,"",,"","K. De Bruyne","",17,https://media.api-sports.io/football/players/629.png,Midfielder,50
631,24,,"",,"","P. Foden","",47,https://media.api-sports.io/football/players/631.png,Midfielder,50
633,34,,"",,"","İ. Gündoğan","",19,https://media.api-sports.io/football/players/633.png,Midfielder,50
636,30,,"",,"","Bernardo Silva","",20,https://media.api-sports.io/football/players/636.png,Midfielder,50
637,24,,"",,"","F. Nmecha","",8,https://media.api-sports.io/football/players/637.png,Midfielder,165
641,28,,"",,"","O. Zinchenko","",17,https://media.api-sports.io/football/players/641.png,Defender,42
643,27,,"",,"","Gabriel Jesus","",9,https://media.api-sports.io/football/players/643.png,Attacker,42
644,28,,"",,"","L. Sané","",10,https://media.api-sports.io/football/players/644.png,Attacker,157
645,30,,"",,"","R. Sterling","",30,https://media.api-sports.io/football/players/645.png,Attacker,42
646,34,,"",,"","M. Gorgelin","",1,https://media.api-sports.io/football/players/646.png,Goalkeeper,111
647,34,,"",,"","Anthony Lopes","",1,https://media.api-sports.io/football/players/647.png,Goalkeeper,80
653,29,,"",,"","F. Mendy","",23,https://media.api-sports.io/football/players/653.png,Defender,541
657,29,,"",,"","K. Tete","",2,https://media.api-sports.io/football/players/657.png,Defender,36
659,24,,"",,"","M. Caqueret","",6,https://media.api-sports.io/football/players/659.png,Midfielder,80
662,28,,"",,"","T. Ndombélé","",22,https://media.api-sports.io/football/players/662.png,Midfielder,84
663,27,,"",,"","M. Terrier","",11,https://media.api-sports.io/football/players/663.png,Attacker,168
664,27,,"",,"","L. Tousart","",29,https://media.api-sports.io/football/players/664.png,Midfielder,182
665,28,,"",,"","M. Cornet","",22,https://media.api-sports.io/football/players/665.png,Attacker,41
671,29,,"",,"","B. Traoré","",20,https://media.api-sports.io/football/players/671.png,Attacker,194
679,34,,"",,"",Ismaily,"",31,https://media.api-sports.io/football/players/679.png,Defender,79
683,32,,"",,"","I. Ordets","",20,https://media.api-sports.io/football/players/683.png,Defender,176
702,34,,"",,"","O. Baumann","",1,https://media.api-sports.io/football/players/702.png,Goalkeeper,167
709,32,,"",,"","P. Kadeřábek","",3,https://media.api-sports.io/football/players/709.png,Defender,167
711,27,,"",,"","S. Posch","",3,https://media.api-sports.io/football/players/711.png,Defender,500
713,33,,"",,"","K. Vogt","",2,https://media.api-sports.io/football/players/713.png,Defender,182
714,28,,"",,"","N. Amiri","",18,https://media.api-sports.io/football/players/714.png,Midfielder,164
715,25,,"",,"","C. Baumgartner","",14,https://media.api-sports.io/football/players/715.png,Midfielder,173
716,31,,"",,"","L. Bittencourt","",10,https://media.api-sports.io/football/players/716.png,Midfielder,162
718,26,,"",,"","D. Geiger","",8,https://media.api-sports.io/football/players/718.png,Midfielder,167
719,29,,"",,"","F. Grillitsch","",11,https://media.api-sports.io/football/players/719.png,Midfielder,167
723,28,,"",,"",Joelinton,"",7,https://media.api-sports.io/football/players/723.png,Attacker,34
725,26,,"",,"","R. Hack","",25,https://media.api-sports.io/football/players/725.png,Midfielder,163
726,33,,"",,"","A. Kramarić","",27,https://media.api-sports.io/football/players/726.png,Attacker,167
727,25,,"",,"","R. Nelson","",19,https://media.api-sports.io/football/players/727.png,Attacker,36
730,32,,"",,"","T. Courtois","",1,https://media.api-sports.io/football/players/730.png,Goalkeeper,541
733,32,,"",,"","Dani Carvajal","",2,https://media.api-sports.io/football/players/733.png,Defender,541
736,25,,"",,"","Fran García","",20,https://media.api-sports.io/football/players/736.png,Defender,541
737,29,,"",,"",Odriozola,"",2,https://media.api-sports.io/football/players/737.png,Defender,548
739,28,,"",,"","Reguilón","",3,https://media.api-sports.io/football/players/739.png,Defender,47
740,27,,"",,"","Javi Sánchez","",5,https://media.api-sports.io/football/players/740.png,Defender,720
741,27,,"",,"",Vallejo,"",18,https://media.api-sports.io/football/players/741.png,Defender,541
744,25,,"",,"","Brahim Díaz","",21,https://media.api-sports.io/football/players/744.png,Midfielder,541
745,32,,"",,"",Isco,"",22,https://media.api-sports.io/football/players/745.png,Midfielder,543
746,28,,"",,"","Marco Asensio","",11,https://media.api-sports.io/football/players/746.png,Attacker,85
747,32,,"",,"",Casemiro,"",18,https://media.api-sports.io/football/players/747.png,Midfielder,33
748,28,,"",,"","Dani Ceballos","",19,https://media.api-sports.io/football/players/748.png,Midfielder,541
753,29,,"",,"","Marcos Llorente","",14,https://media.api-sports.io/football/players/753.png,Midfielder,530
754,39,,"",,"","L. Modrić","",10,https://media.api-sports.io/football/players/754.png,Midfielder,541
756,26,,"",,"","F. Valverde","",8,https://media.api-sports.io/football/players/756.png,Midfielder,541
757,33,,"",,"","Lucas Vázquez","",17,https://media.api-sports.io/football/players/757.png,Midfielder,541
762,24,,"",,"","Vinícius Júnior","",7,https://media.api-sports.io/football/players/762.png,Attacker,541
766,34,,"",,"","R. Olsen","",25,https://media.api-sports.io/football/players/766.png,Goalkeeper,66
769,33,,"",,"","A. Florenzi","",24,https://media.api-sports.io/football/players/769.png,Defender,489
770,29,,"",,"","R. Karsdorp","",2,https://media.api-sports.io/football/players/770.png,Defender,197
774,33,,"",,"","Juan Jesus","",5,https://media.api-sports.io/football/players/774.png,Defender,492
778,29,,"",,"","B. Cristante","",4,https://media.api-sports.io/football/players/778.png,Midfielder,497
782,28,,"",,"","L. Pellegrini","",7,https://media.api-sports.io/football/players/782.png,Midfielder,497
786,25,,"",,"","N. Zaniolo","",10,https://media.api-sports.io/football/players/786.png,Attacker,499
791,32,,"",,"","S. El Shaarawy","",92,https://media.api-sports.io/football/players/791.png,Attacker,497
792,25,,"",,"","J. Kluivert","",19,https://media.api-sports.io/football/players/792.png,Attacker,35
794,28,,"",,"","P. Schick","",14,https://media.api-sports.io/football/players/794.png,Attacker,168
833,25,,"",,"","J. Bijol","",29,https://media.api-sports.io/football/players/833.png,Defender,494
842,27,,"",,"","N. Vlašić","",10,https://media.api-sports.io/football/players/842.png,Midfielder,503
849,32,,"",,"","M. Perin","",1,https://media.api-sports.io/football/players/849.png,Goalkeeper,496
850,34,,"",,"","C. Pinsoglio","",23,https://media.api-sports.io/football/players/850.png,Goalkeeper,496
851,34,,"",,"","W. Szczęsny","",25,https://media.api-sports.io/football/players/851.png,Goalkeeper,529
858,32,,"",,"","M. De Sciglio","",22,https://media.api-sports.io/football/players/858.png,Defender,511
861,30,,"",,"","D. Rugani","",24,https://media.api-sports.io/football/players/861.png,Defender,194
862,31,,"",,"","L. Spinazzola","",37,https://media.api-sports.io/football/players/862.png,Defender,492
863,27,,"",,"","R. Bentancur","",30,https://media.api-sports.io/football/players/863.png,Midfielder,47
864,30,,"",,"","E. Can","",23,https://media.api-sports.io/football/players/864.png,Midfielder,165
866,36,,"",,"","J. Cuadrado","",7,https://media.api-sports.io/football/players/866.png,Midfielder,499
867,26,,"",,"","G. Kastanos","",20,https://media.api-sports.io/football/players/867.png,Midfielder,504
875,31,,"",,"","P. Dybala","",21,https://media.api-sports.io/football/players/875.png,Attacker,497
876,23,,"",,"","N. Fagioli","",21,https://media.api-sports.io/football/players/876.png,Midfielder,496
877,24,,"",,"","M. Kean","",20,https://media.api-sports.io/football/players/877.png,Attacker,502
879,26,,"",,"","S. Mavididi","",10,https://media.api-sports.io/football/players/879.png,Attacker,46
881,24,,"",,"","H. Nicolussi","",14,https://media.api-sports.io/football/players/881.png,Midfielder,517
882,34,,"",,"","David de Gea","",43,https://media.api-sports.io/football/players/882.png,Goalkeeper,502
885,30,,"",,"","E. Bailly","",4,https://media.api-sports.io/football/players/885.png,Defender,533
886,25,,"",,"","Diogo Dalot","",20,https://media.api-sports.io/football/players/886.png,Defender,33
887,35,,"",,"","M. Darmian","",36,https://media.api-sports.io/football/players/887.png,Defender,505
889,30,,"",,"","V. Lindelöf","",2,https://media.api-sports.io/football/players/889.png,Defender,33
891,29,,"",,"","L. Shaw","",23,https://media.api-sports.io/football/players/891.png,Defender,33
894,39,,"",,"","A. Young","",18,https://media.api-sports.io/football/players/894.png,Defender,45
895,23,,"",,"","J. Garner","",37,https://media.api-sports.io/football/players/895.png,Midfielder,45
896,24,,"",,"","A. Gomes","",8,https://media.api-sports.io/football/players/896.png,Midfielder,79
897,23,,"",,"","M. Greenwood","",10,https://media.api-sports.io/football/players/897.png,Attacker,81
898,35,,"",,"","Ander Herrera","",21,https://media.api-sports.io/football/players/898.png,Midfielder,531
899,28,,"",,"","Andreas Pereira","",18,https://media.api-sports.io/football/players/899.png,Midfielder,36
902,36,,"",,"","N. Matić","",31,https://media.api-sports.io/football/players/902.png,Midfielder,80
903,28,,"",,"","S. McTominay","",8,https://media.api-sports.io/football/players/903.png,Midfielder,492
907,31,,"",,"","R. Lukaku","",11,https://media.api-sports.io/football/players/907.png,Attacker,492
909,27,,"",,"","M. Rashford","",10,https://media.api-sports.io/football/players/909.png,Attacker,33
910,36,,"",,"","A. Sánchez","",7,https://media.api-sports.io/football/players/910.png,Attacker,494
911,34,,"",,"","Jaume Doménech","",1,https://media.api-sports.io/football/players/911.png,Goalkeeper,532
912,35,,"",,"",Neto,"",32,https://media.api-sports.io/football/players/912.png,Goalkeeper,42
916,28,,"",,"","M. Diakhaby","",4,https://media.api-sports.io/football/players/916.png,Defender,532
918,29,,"",,"","José Gayà","",14,https://media.api-sports.io/football/players/918.png,Defender,532
919,24,,"",,"","Hugo Guillamón","",6,https://media.api-sports.io/football/players/919.png,Defender,532
920,27,,"",,"","Toni Lato","",3,https://media.api-sports.io/football/players/920.png,Defender,798
925,28,,"",,"","Gonçalo Guedes","",29,https://media.api-sports.io/football/players/925.png,Attacker,39
926,31,,"",,"","G. Kondogbia","",19,https://media.api-sports.io/football/players/926.png,Midfielder,81
927,23,,"",,"","Lee Kang-In","",19,https://media.api-sports.io/football/players/927.png,Midfielder,85
928,35,,"",,"","Dani Parejo","",10,https://media.api-sports.io/football/players/928.png,Midfielder,533
930,27,,"",,"","Carlos Soler","",4,https://media.api-sports.io/football/players/930.png,Midfielder,48
931,24,,"",,"","Ferran Torres","",7,https://media.api-sports.io/football/players/931.png,Attacker,529
943,28,,"",,"","U. Garcia","",6,https://media.api-sports.io/football/players/943.png,Defender,81
945,26,,"",,"","J. Lotomba","",30,https://media.api-sports.io/football/players/945.png,Defender,209
951,27,,"",,"","M. Aebischer","",20,https://media.api-sports.io/football/players/951.png,Midfielder,500
957,27,,"",,"","D. Sow","",20,https://media.api-sports.io/football/players/957.png,Midfielder,536
963,35,,"",,"","L. Hrádecký","",1,https://media.api-sports.io/football/players/963.png,Goalkeeper,168
972,28,,"",,"","J. Tah","",4,https://media.api-sports.io/football/players/972.png,Defender,168
973,30,,"",,"","M. Weiser","",8,https://media.api-sports.io/football/players/973.png,Defender,162
978,25,,"",,"","K. Havertz","",29,https://media.api-sports.io/football/players/978.png,Attacker,42
979,30,,"",,"","D. Kohr","",31,https://media.api-sports.io/football/players/979.png,Midfielder,164
983,27,,"",,"","L. Bailey","",31,https://media.api-sports.io/football/players/983.png,Midfielder,66
984,28,,"",,"","J. Brandt","",10,https://media.api-sports.io/football/players/984.png,Midfielder,165
986,30,,"",,"","J. Pohjanpalo","",20,https://media.api-sports.io/football/players/986.png,Attacker,517
989,32,,"",,"","K. Volland","",10,https://media.api-sports.io/football/players/989.png,Attacker,182
999,22,,"",,"","B. Omeragić","",27,https://media.api-sports.io/football/players/999.png,Defender,82
1014,23,,"",,"","S. Sohm","",19,https://media.api-sports.io/football/players/1014.png,Midfielder,523
1082,32,,"",,"","S. Lainer","",22,https://media.api-sports.io/football/players/1082.png,Defender,163
1084,27,,"",,"","M. Pongračić","",5,https://media.api-sports.io/football/players/1084.png,Defender,502
1094,28,,"",,"","D. Samassékou","",18,https://media.api-sports.io/football/players/1094.png,Midfielder,167
1095,27,,"",,"","X. Schlager","",24,https://media.api-sports.io/football/players/1095.png,Midfielder,173
1096,24,,"",,"","D. Szoboszlai","",8,https://media.api-sports.io/football/players/1096.png,Midfielder,40
1098,26,,"",,"","P. Daka","",20,https://media.api-sports.io/football/players/1098.png,Attacker,46
1100,24,,"",,"","E. Haaland","",9,https://media.api-sports.io/football/players/1100.png,Attacker,50
1101,29,,"",,"","T. Minamino","",18,https://media.api-sports.io/football/players/1101.png,Midfielder,91
1109,35,,"",,"","C. Gamboa","",2,https://media.api-sports.io/football/players/1109.png,Defender,176
1117,27,,"",,"","K. Tierney","",3,https://media.api-sports.io/football/players/1117.png,Defender,42
1119,26,,"",,"","K. Ajer","",20,https://media.api-sports.io/football/players/1119.png,Defender,55
1124,27,,"",,"","O. Burke","",15,https://media.api-sports.io/football/players/1124.png,Attacker,162
1125,29,,"",,"","R. Christie","",10,https://media.api-sports.io/football/players/1125.png,Midfielder,35
1135,26,,"",,"","O. Édouard","",29,https://media.api-sports.io/football/players/1135.png,Attacker,46
1138,24,,"",,"","T. Weah","",22,https://media.api-sports.io/football/players/1138.png,Midfielder,496
1139,34,,"",,"","P. Gulácsi","",1,https://media.api-sports.io/football/players/1139.png,Goalkeeper,173
1141,31,,"",,"","M. Müller","",29,https://media.api-sports.io/football/players/1141.png,Goalkeeper,161
1144,28,,"",,"","L. Klostermann","",16,https://media.api-sports.io/football/players/1144.png,Defender,173
1145,25,,"",,"","I. Konaté","",5,https://media.api-sports.io/football/players/1145.png,Defender,40
1146,27,,"",,"","N. Mukiele","",23,https://media.api-sports.io/football/players/1146.png,Defender,168
1148,32,,"",,"","W. Orbán","",4,https://media.api-sports.io/football/players/1148.png,Defender,173
1149,26,,"",,"","D. Upamecano","",2,https://media.api-sports.io/football/players/1149.png,Defender,157
1150,25,,"",,"","T. Adams","",12,https://media.api-sports.io/football/players/1150.png,Midfielder,35
1153,26,,"",,"","A. Haidara","",8,https://media.api-sports.io/football/players/1153.png,Midfielder,173
1155,34,,"",,"","K. Kampl","",44,https://media.api-sports.io/football/players/1155.png,Midfielder,173
1157,27,,"",,"","K. Laimer","",27,https://media.api-sports.io/football/players/1157.png,Midfielder,157
1159,30,,"",,"","M. Sabitzer","",20,https://media.api-sports.io/football/players/1159.png,Midfielder,165
1161,24,,"",,"","E. Smith Rowe","",32,https://media.api-sports.io/football/players/1161.png,Midfielder,36
1165,25,,"",,"","Matheus Cunha","",10,https://media.api-sports.io/football/players/1165.png,Attacker,39
1166,28,,"",,"","T. Werner","",16,https://media.api-sports.io/football/players/1166.png,Attacker,47
1167,30,,"",,"","Y. Poulsen","",9,https://media.api-sports.io/football/players/1167.png,Attacker,173
1208,30,,"",,"",Hernani,"",27,https://media.api-sports.io/football/players/1208.png,Midfielder,523
1212,31,,"",,"","D. Kuzyaev","",14,https://media.api-sports.io/football/players/1212.png,Midfielder,111
1231,32,,"",,"","V. Coufal","",5,https://media.api-sports.io/football/players/1231.png,Defender,48
1234,26,,"",,"","A. Král","",20,https://media.api-sports.io/football/players/1234.png,Midfielder,540
1243,29,,"",,"","T. Souček","",28,https://media.api-sports.io/football/players/1243.png,Midfielder,48
1257,26,,"",,"","J. Koundé","",23,https://media.api-sports.io/football/players/1257.png,Defender,529
1264,31,,"",,"","Y. Sabaly","",23,https://media.api-sports.io/football/players/1264.png,Defender,543
1265,24,,"",,"","Y. Adli","",29,https://media.api-sports.io/football/players/1265.png,Midfielder,502
1266,28,,"",,"","T. Bašić","",26,https://media.api-sports.io/football/players/1266.png,Midfielder,487
1271,24,,"",,"","A. Tchouaméni","",14,https://media.api-sports.io/football/players/1271.png,Midfielder,541
1278,26,,"",,"","Y. Karamoh","",7,https://media.api-sports.io/football/players/1278.png,Attacker,503
1282,31,,"",,"","J. Joronen","",1,https://media.api-sports.io/football/players/1282.png,Goalkeeper,517
1291,28,,"",,"","D. Vavro","",18,https://media.api-sports.io/football/players/1291.png,Defender,161
1298,28,,"",,"","R. Skov","",24,https://media.api-sports.io/football/players/1298.png,Midfielder,182
1300,22,,"",,"","M. Daramy","",9,https://media.api-sports.io/football/players/1300.png,Attacker,93
1302,25,,"",,"","J. Wind","",23,https://media.api-sports.io/football/players/1302.png,Attacker,161
1304,25,,"",,"","D. Horkaš","",13,https://media.api-sports.io/football/players/1304.png,Goalkeeper,534
1314,30,,"",,"","Amir Rrahmani","",13,https://media.api-sports.io/football/players/1314.png,Defender,492
1321,26,,"",,"","L. Majer","",19,https://media.api-sports.io/football/players/1321.png,Midfielder,161
1322,26,,"",,"","N. Moro","",6,https://media.api-sports.io/football/players/1322.png,Midfielder,500
1323,26,,"",,"","Dani Olmo","",20,https://media.api-sports.io/football/players/1323.png,Midfielder,529
1358,25,,"",,"","E. Elmas","",6,https://media.api-sports.io/football/players/1358.png,Midfielder,173
1361,25,,"",,"","F. Kadıoğlu","",24,https://media.api-sports.io/football/players/1361.png,Midfielder,51
1364,29,,"",,"","Jaílson","",16,https://media.api-sports.io/football/players/1364.png,Midfielder,538
1369,30,,"",,"","M. Zajc","",21,https://media.api-sports.io/football/players/1369.png,Midfielder,96
1370,35,,"",,"","A. Ayew","",28,https://media.api-sports.io/football/players/1370.png,Attacker,111
1393,23,,"",,"","I. Mesík","",24,https://media.api-sports.io/football/players/1393.png,Defender,206
1405,29,,"",,"","T. Didillon","",1,https://media.api-sports.io/football/players/1405.png,Goalkeeper,195
1407,32,,"",,"","D. Appiah","",8,https://media.api-sports.io/football/players/1407.png,Defender,1063
1408,25,,"",,"","S. Bornauw","",3,https://media.api-sports.io/football/players/1408.png,Defender,161
1412,32,,"",,"","J. Lawrence","",15,https://media.api-sports.io/football/players/1412.png,Defender,419
1417,25,,"",,"","A. Saelemaekers","",56,https://media.api-sports.io/football/players/1417.png,Attacker,497
1422,22,,"",,"","J. Doku","",11,https://media.api-sports.io/football/players/1422.png,Attacker,50
1427,25,,"",,"","A. Sambi Lokonga","",12,https://media.api-sports.io/football/players/1427.png,Midfielder,536
1438,32,,"",,"","B. Leno","",1,https://media.api-sports.io/football/players/1438.png,Goalkeeper,36
1439,29,,"",,"","Héctor Bellerín","",2,https://media.api-sports.io/football/players/1439.png,Defender,543
1440,29,,"",,"","R. Holding","",4,https://media.api-sports.io/football/players/1440.png,Defender,52
1442,31,,"",,"","S. Kolašinac","",23,https://media.api-sports.io/football/players/1442.png,Defender,499
1445,27,,"",,"","K. Mavropanos","",15,https://media.api-sports.io/football/players/1445.png,Defender,48
1454,25,,"",,"","M. Guendouzi","",8,https://media.api-sports.io/football/players/1454.png,Midfielder,487
1455,28,,"",,"","A. Iwobi","",17,https://media.api-sports.io/football/players/1455.png,Attacker,36
1456,27,,"",,"","A. Maitland-Niles","",98,https://media.api-sports.io/football/players/1456.png,Midfielder,80
1457,35,,"",,"","H. Mkhitaryan","",22,https://media.api-sports.io/football/players/1457.png,Midfielder,505
1460,23,,"",,"","B. Saka","",7,https://media.api-sports.io/football/players/1460.png,Attacker,42
1461,30,,"",,"","Denis Suárez","",6,https://media.api-sports.io/football/players/1461.png,Midfielder,533
1463,25,,"",,"","J. Willock","",28,https://media.api-sports.io/football/players/1463.png,Midfielder,34
1464,32,,"",,"","G. Xhaka","",34,https://media.api-sports.io/football/players/1464.png,Midfielder,168
1467,33,,"",,"","A. Lacazette","",10,https://media.api-sports.io/football/players/1467.png,Attacker,80
1468,25,,"",,"","E. Nketiah","",9,https://media.api-sports.io/football/players/1468.png,Attacker,52
1469,34,,"",,"","D. Welbeck","",18,https://media.api-sports.io/football/players/1469.png,Attacker,51
1482,25,,"",,"","Thierry Correia","",12,https://media.api-sports.io/football/players/1482.png,Defender,532
1485,30,,"",,"","Bruno Fernandes","",8,https://media.api-sports.io/football/players/1485.png,Midfielder,33
1489,33,,"",,"","N. Gudelj","",6,https://media.api-sports.io/football/players/1489.png,Midfielder,536
1496,28,,"",,"",Raphinha,"",11,https://media.api-sports.io/football/players/1496.png,Attacker,529
1557,30,,"",,"","Pau López","",25,https://media.api-sports.io/football/players/1557.png,Goalkeeper,547
1561,33,,"",,"","Marc Bartra","",5,https://media.api-sports.io/football/players/1561.png,Defender,543
1566,25,,"",,"","Emerson Royal","",22,https://media.api-sports.io/football/players/1566.png,Defender,489
1567,33,,"",,"","A. Mandi","",2,https://media.api-sports.io/football/players/1567.png,Defender,79
1568,27,,"",,"","P. Akouokou","",4,https://media.api-sports.io/football/players/1568.png,Midfielder,80
1578,28,,"",,"","G. Lo Celso","",20,https://media.api-sports.io/football/players/1578.png,Midfielder,543
1580,32,,"",,"","William Carvalho","",14,https://media.api-sports.io/football/players/1580.png,Midfielder,543
1582,23,,"",,"","Róber","",7,https://media.api-sports.io/football/players/1582.png,Midfielder,413
1590,31,,"",,"","José Sá","",1,https://media.api-sports.io/football/players/1590.png,Goalkeeper,39
1600,28,,"",,"","K. Tsimikas","",21,https://media.api-sports.io/football/players/1600.png,Defender,40
1621,34,,"",,"","A. Donnarumma","",17,https://media.api-sports.io/football/players/1621.png,Goalkeeper,503
1622,25,,"",,"","G. Donnarumma","",1,https://media.api-sports.io/football/players/1622.png,Goalkeeper,85
1624,42,,"",,"","Pepe Reina","",25,https://media.api-sports.io/football/players/1624.png,Goalkeeper,895
1627,28,,"",,"","D. Calabria","",2,https://media.api-sports.io/football/players/1627.png,Defender,489
1631,32,,"",,"","R. Rodríguez","",12,https://media.api-sports.io/football/players/1631.png,Defender,543
1632,29,,"",,"","A. Romagnoli","",13,https://media.api-sports.io/football/players/1632.png,Defender,487
1639,24,,"",,"","M. Brescianini","",44,https://media.api-sports.io/football/players/1639.png,Midfielder,499
1640,30,,"",,"","H. Çalhanoğlu","",20,https://media.api-sports.io/football/players/1640.png,Midfielder,505
1646,27,,"",,"","Lucas Paquetá","",10,https://media.api-sports.io/football/players/1646.png,Midfielder,48
1649,26,,"",,"","P. Cutrone","",10,https://media.api-sports.io/football/players/1649.png,Attacker,895
1650,31,,"",,"",Suso,"",10,https://media.api-sports.io/football/players/1650.png,Midfielder,536
1672,27,,"",,"","D. Sinani","",10,https://media.api-sports.io/football/players/1672.png,Attacker,186
1696,25,,"",,"","S. Chukwueze","",21,https://media.api-sports.io/football/players/1696.png,Attacker,489
1697,28,,"",,"","Pablo Fornals","",18,https://media.api-sports.io/football/players/1697.png,Midfielder,543
1700,25,,"",,"","Iván Martín","",23,https://media.api-sports.io/football/players/1700.png,Midfielder,547
1701,25,,"",,"","Manu Morlanes","",8,https://media.api-sports.io/football/players/1701.png,Midfielder,798
1702,28,,"",,"",Pedraza,"",24,https://media.api-sports.io/football/players/1702.png,Midfielder,533
1703,26,,"",,"","A. Rațiu","",2,https://media.api-sports.io/football/players/1703.png,Defender,728
1707,32,,"",,"","Gerard Moreno","",7,https://media.api-sports.io/football/players/1707.png,Attacker,533
1708,29,,"",,"","Dani Raba","",10,https://media.api-sports.io/football/players/1708.png,Attacker,537
1717,23,,"",,"","L. Greiml","",12,https://media.api-sports.io/football/players/1717.png,Defender,203
1736,33,,"",,"","W. Foderingham","",21,https://media.api-sports.io/football/players/1736.png,Goalkeeper,48
1748,28,,"",,"","L. Coulibaly","",29,https://media.api-sports.io/football/players/1748.png,Midfielder,867
1754,29,,"",,"","G. Kamara","",28,https://media.api-sports.io/football/players/1754.png,Midfielder,94
1775,31,,"",,"","S. Gigot","",2,https://media.api-sports.io/football/players/1775.png,Defender,487
1798,32,,"",,"","F. Rønnow","",1,https://media.api-sports.io/football/players/1798.png,Goalkeeper,182
1800,34,,"",,"","K. Trapp","",1,https://media.api-sports.io/football/players/1800.png,Goalkeeper,169
1803,34,,"",,"","T. Chandler","",22,https://media.api-sports.io/football/players/1803.png,Midfielder,169
1807,25,,"",,"","E. Ndicka","",5,https://media.api-sports.io/football/players/1807.png,Defender,497
1809,25,,"",,"",Tuta,"",35,https://media.api-sports.io/football/players/1809.png,Defender,169
1812,31,,"",,"","D. da Costa","",21,https://media.api-sports.io/football/players/1812.png,Defender,164
1815,37,,"",,"","J. de Guzmán","",,https://media.api-sports.io/football/players/1815.png,Midfielder,426
1825,30,,"",,"","Lucas Torró","",6,https://media.api-sports.io/football/players/1825.png,Midfielder,727
1826,30,,"",,"","S. Haller","",18,https://media.api-sports.io/football/players/1826.png,Attacker,537
1828,27,,"",,"","L. Jović","",9,https://media.api-sports.io/football/players/1828.png,Attacker,489
1831,31,,"",,"","A. Rebić","",3,https://media.api-sports.io/football/players/1831.png,Attacker,867
1836,36,,"",,"","F. Acerbi","",15,https://media.api-sports.io/football/players/1836.png,Defender,505
1841,31,,"",,"",Patric,"",4,https://media.api-sports.io/football/players/1841.png,Defender,487
1844,32,,"",,"","A. Marušić","",77,https://media.api-sports.io/football/players/1844.png,Defender,487
1850,35,,"",,"","M. Badelj","",47,https://media.api-sports.io/football/players/1850.png,Midfielder,495
1852,30,,"",,"","D. Cataldi","",32,https://media.api-sports.io/football/players/1852.png,Midfielder,502
1854,30,,"",,"","J. Correa","",11,https://media.api-sports.io/football/players/1854.png,Attacker,505
1864,24,,"",,"","Pedro Neto","",7,https://media.api-sports.io/football/players/1864.png,Attacker,49
1897,39,,"",,"","S. Mandanda","",30,https://media.api-sports.io/football/players/1897.png,Goalkeeper,94
1901,30,,"",,"","J. Amavi","",23,https://media.api-sports.io/football/players/1901.png,Defender,106
1902,28,,"",,"","D. Ćaleta-Car","",55,https://media.api-sports.io/football/players/1902.png,Defender,80
1904,25,,"",,"","B. Kamara","",44,https://media.api-sports.io/football/players/1904.png,Midfielder,66
1914,30,,"",,"","M. Sanson","",11,https://media.api-sports.io/football/players/1914.png,Midfielder,84
1917,34,,"",,"","M. Balotelli","",45,https://media.api-sports.io/football/players/1917.png,Attacker,495
1922,31,,"",,"","F. Thauvin","",10,https://media.api-sports.io/football/players/1922.png,Attacker,494
1924,22,,"",,"","M. Vandevoordt","",26,https://media.api-sports.io/football/players/1924.png,Goalkeeper,173
1926,29,,"",,"","J. Aidoo","",15,https://media.api-sports.io/football/players/1926.png,Defender,538
1929,26,,"",,"","J. Lucumí","",26,https://media.api-sports.io/football/players/1929.png,Defender,500
1930,27,,"",,"","J. Mæhle","",21,https://media.api-sports.io/football/players/1930.png,Defender,161
1934,26,,"",,"","S. Berge","",16,https://media.api-sports.io/football/players/1934.png,Midfielder,36
1938,31,,"",,"","R. Malinovskyi","",17,https://media.api-sports.io/football/players/1938.png,Midfielder,495
1942,31,,"",,"","J. Ito","",7,https://media.api-sports.io/football/players/1942.png,Attacker,93
1946,30,,"",,"","L. Trossard","",19,https://media.api-sports.io/football/players/1946.png,Attacker,42
2001,29,,"",,"","C. Larin","",17,https://media.api-sports.io/football/players/2001.png,Attacker,798
2032,24,,"",,"","J. Strand Larsen","",9,https://media.api-sports.io/football/players/2032.png,Attacker,39
2036,27,,"",,"","Juan Soriano","",1,https://media.api-sports.io/football/players/2036.png,Goalkeeper,537
2039,25,,"",,"","Juan Berrocal","",4,https://media.api-sports.io/football/players/2039.png,Defender,546
2042,32,,"",,"","Sergi Gómez","",3,https://media.api-sports.io/football/players/2042.png,Defender,540
2054,39,,"",,"","Jesús Navas","",16,https://media.api-sports.io/football/players/2054.png,Defender,536
2056,32,,"",,"","Pablo Sarabia","",21,https://media.api-sports.io/football/players/2056.png,Midfielder,39
2060,29,,"",,"","M. El Haddadi","",23,https://media.api-sports.io/football/players/2060.png,Attacker,537
2061,23,,"",,"","Bryan Gil","",20,https://media.api-sports.io/football/players/2061.png,Attacker,547
2063,29,,"",,"","André Silva","",19,https://media.api-sports.io/football/players/2063.png,Attacker,173
2068,25,,"",,"","M. Safonov","",39,https://media.api-sports.io/football/players/2068.png,Goalkeeper,85
2109,28,,"",,"","S. Bastien","",22,https://media.api-sports.io/football/players/2109.png,Midfielder,205
2115,28,,"",,"","A. Halilović","",10,https://media.api-sports.io/football/players/2115.png,Midfielder,205
2118,28,,"",,"","R. Marin","",18,https://media.api-sports.io/football/players/2118.png,Midfielder,490
2153,36,,"",,"","J. Bokila","",18,https://media.api-sports.io/football/players/2153.png,Attacker,195
2165,25,,"",,"","V. Mykolenko","",19,https://media.api-sports.io/football/players/2165.png,Defender,45
2182,27,,"",,"","V. Tsygankov","",8,https://media.api-sports.io/football/players/2182.png,Attacker,547
2194,29,,"",,"","R. Bensebaïni","",5,https://media.api-sports.io/football/players/2194.png,Defender,165
2195,24,,"",,"","S. Boey","",23,https://media.api-sports.io/football/players/2195.png,Defender,157
2202,32,,"",,"","H. Traoré","",18,https://media.api-sports.io/football/players/2202.png,Defender,548
2204,34,,"",,"","B. André","",21,https://media.api-sports.io/football/players/2204.png,Midfielder,79
2207,22,,"",,"","E. Camavinga","",6,https://media.api-sports.io/football/players/2207.png,Midfielder,541
2210,30,,"",,"","A. Hunou","",23,https://media.api-sports.io/football/players/2210.png,Attacker,77
2214,28,,"",,"","R. Del Castillo","",10,https://media.api-sports.io/football/players/2214.png,Midfielder,106
2218,26,,"",,"","I. Sarr","",7,https://media.api-sports.io/football/players/2218.png,Attacker,52
2219,28,,"",,"","J. Siebatcheu","",17,https://media.api-sports.io/football/players/2219.png,Attacker,182
2259,29,,"",,"","E. Sobol","",77,https://media.api-sports.io/football/players/2259.png,Defender,95
2273,30,,"",,"",Kepa,"",13,https://media.api-sports.io/football/players/2273.png,Goalkeeper,35
2274,25,,"",,"","M. Bułka","",1,https://media.api-sports.io/football/players/2274.png,Goalkeeper,84
2278,34,,"",,"","Marcos Alonso","",20,https://media.api-sports.io/football/players/2278.png,Defender,538
2280,35,,"",,"","César Azpilicueta","",3,https://media.api-sports.io/football/players/2280.png,Defender,530
2282,28,,"",,"","A. Christensen","",15,https://media.api-sports.io/football/players/2282.png,Defender,529
2284,30,,"",,"",Emerson,"",33,https://media.api-sports.io/football/players/2284.png,Defender,48
2285,31,,"",,"","A. Rüdiger","",22,https://media.api-sports.io/football/players/2285.png,Defender,541
2286,32,,"",,"","D. Zappacosta","",77,https://media.api-sports.io/football/players/2286.png,Midfielder,499
2287,31,,"",,"","R. Barkley","",6,https://media.api-sports.io/football/players/2287.png,Midfielder,66
2289,33,,"",,"",Jorginho,"",20,https://media.api-sports.io/football/players/2289.png,Midfielder,42
2291,30,,"",,"","M. Kovačić","",8,https://media.api-sports.io/football/players/2291.png,Midfielder,50
2292,28,,"",,"","R. Loftus-Cheek","",8,https://media.api-sports.io/football/players/2292.png,Midfielder,489
2298,24,,"",,"","C. Hudson-Odoi","",14,https://media.api-sports.io/football/players/2298.png,Attacker,65
2299,37,,"",,"",Pedro,"",9,https://media.api-sports.io/football/players/2299.png,Attacker,487
2336,33,,"",,"","L. Négo","",7,https://media.api-sports.io/football/players/2336.png,Defender,111
2360,29,,"",,"","D. Giannoulis","",13,https://media.api-sports.io/football/players/2360.png,Defender,170
2364,24,,"",,"","L. Lyratzis","",19,https://media.api-sports.io/football/players/2364.png,Defender,413
2380,29,,"",,"","C. Akpom","",10,https://media.api-sports.io/football/players/2380.png,Attacker,194
2413,27,,"",,"",Richarlison,"",9,https://media.api-sports.io/football/players/2413.png,Attacker,47
2433,29,,"",,"","R. Tapia","",5,https://media.api-sports.io/football/players/2433.png,Midfielder,537
2443,30,,"",,"","Y. Osorio","",3,https://media.api-sports.io/football/players/2443.png,Defender,523
2449,26,,"",,"","Y. Herrera","",21,https://media.api-sports.io/football/players/2449.png,Midfielder,547
2459,31,,"",,"","D. Machís","",18,https://media.api-sports.io/football/players/2459.png,Attacker,720
2465,30,,"",,"","J. Musso","",1,https://media.api-sports.io/football/players/2465.png,Goalkeeper,530
2467,26,,"",,"","Lisandro Martínez","",6,https://media.api-sports.io/football/players/2467.png,Defender,33
2468,27,,"",,"","G. Montiel","",15,https://media.api-sports.io/football/players/2468.png,Defender,536
2472,30,,"",,"","R. De Paul","",5,https://media.api-sports.io/football/players/2472.png,Midfielder,530
2476,30,,"",,"","G. Rodríguez","",24,https://media.api-sports.io/football/players/2476.png,Midfielder,48
2483,31,,"",,"","D. Machado","",3,https://media.api-sports.io/football/players/2483.png,Defender,116
2484,30,,"",,"","Y. Mina","",26,https://media.api-sports.io/football/players/2484.png,Defender,490
2489,27,,"",,"","L. Díaz","",7,https://media.api-sports.io/football/players/2489.png,Attacker,40
2490,30,,"",,"","J. Lerma","",8,https://media.api-sports.io/football/players/2490.png,Midfielder,52
2495,33,,"",,"","D. Zapata","",91,https://media.api-sports.io/football/players/2495.png,Attacker,503
2507,30,,"",,"","M. Almirón","",24,https://media.api-sports.io/football/players/2507.png,Midfielder,34
2522,28,,"",,"","A. Sanabria","",9,https://media.api-sports.io/football/players/2522.png,Attacker,503
2553,30,,"",,"","G. Maripán","",13,https://media.api-sports.io/football/players/2553.png,Defender,503
2575,24,,"",,"","J. Porozo","",4,https://media.api-sports.io/football/players/2575.png,Defender,537
2597,26,,"",,"","T. Tomiyasu","",18,https://media.api-sports.io/football/players/2597.png,Defender,42
2598,26,,"",,"","R. Dōan","",42,https://media.api-sports.io/football/players/2598.png,Midfielder,160
2601,28,,"",,"","D. Kamada","",18,https://media.api-sports.io/football/players/2601.png,Midfielder,52
2617,38,,"",,"","C. Stuani","",7,https://media.api-sports.io/football/players/2617.png,Attacker,547
2668,27,,"",,"","Mostafa Mohamed","",31,https://media.api-sports.io/football/players/2668.png,Attacker,83
2669,29,,"",,"",Hermoso,"",22,https://media.api-sports.io/football/players/2669.png,Defender,497
2670,33,,"",,"","Íñigo Martínez","",5,https://media.api-sports.io/football/players/2670.png,Defender,529
2671,36,,"",,"","Jaime Mata","",17,https://media.api-sports.io/football/players/2671.png,Attacker,534
2674,36,,"",,"","Rui Patrício","",28,https://media.api-sports.io/football/players/2674.png,Goalkeeper,499
2678,28,,"",,"","Diogo Jota","",20,https://media.api-sports.io/football/players/2678.png,Attacker,40
2700,31,,"",,"","A. Jahanbakhsh","",30,https://media.api-sports.io/football/players/2700.png,Attacker,210
2704,37,,"",,"","Y. Abdelhamid","",5,https://media.api-sports.io/football/players/2704.png,Defender,1063
2707,33,,"",,"","O. El Hajjam","",17,https://media.api-sports.io/football/players/2707.png,Defender,111
2717,29,,"",,"","A. Tuhami","",23,https://media.api-sports.io/football/players/2717.png,Midfielder,720
2724,31,,"",,"","L. Digne","",12,https://media.api-sports.io/football/players/2724.png,Defender,66
2725,28,,"",,"","B. Pavard","",28,https://media.api-sports.io/football/players/2725.png,Defender,505
2729,28,,"",,"","J. Andersen","",5,https://media.api-sports.io/football/players/2729.png,Defender,36
2734,28,,"",,"","P. Billing","",29,https://media.api-sports.io/football/players/2734.png,Midfielder,35
2735,29,,"",,"","P. Højbjerg","",23,https://media.api-sports.io/football/players/2735.png,Midfielder,81
2738,34,,"",,"","C. Gytkjær","",9,https://media.api-sports.io/football/players/2738.png,Attacker,517
2741,32,,"",,"","M. Ryan","",98,https://media.api-sports.io/football/players/2741.png,Goalkeeper,497
2749,31,,"",,"","J. Irvine","",7,https://media.api-sports.io/football/players/2749.png,Midfielder,186
2752,32,,"",,"","M. Luongo","",25,https://media.api-sports.io/football/players/2752.png,Midfielder,57
2763,29,,"",,"","M. Pašalić","",8,https://media.api-sports.io/football/players/2763.png,Midfielder,499
2771,28,,"",,"","O. Aina","",34,https://media.api-sports.io/football/players/2771.png,Defender,65
2778,28,,"",,"","K. Ịheanachọ","",9,https://media.api-sports.io/football/players/2778.png,Attacker,536
2781,29,,"",,"","M. Simon","",27,https://media.api-sports.io/football/players/2781.png,Attacker,83
2799,27,,"",,"","A. Guðmundsson","",10,https://media.api-sports.io/football/players/2799.png,Attacker,502
2801,30,,"",,"","J. Omlin","",1,https://media.api-sports.io/football/players/2801.png,Goalkeeper,163
2802,36,,"",,"","Y. Sommer","",1,https://media.api-sports.io/football/players/2802.png,Goalkeeper,505
2803,28,,"",,"","N. Elvedi","",30,https://media.api-sports.io/football/players/2803.png,Defender,163
2806,33,,"",,"","F. Schär","",5,https://media.api-sports.io/football/players/2806.png,Defender,34
2807,32,,"",,"","R. Freuler","",8,https://media.api-sports.io/football/players/2807.png,Midfielder,500
2810,28,,"",,"","D. Zakaria","",6,https://media.api-sports.io/football/players/2810.png,Midfielder,91
2813,32,,"",,"","M. Dmitrović","",13,https://media.api-sports.io/football/players/2813.png,Goalkeeper,537
2817,27,,"",,"","N. Milenković","",31,https://media.api-sports.io/football/players/2817.png,Defender,65
2821,29,,"",,"","M. Veljković","",13,https://media.api-sports.io/football/players/2821.png,Defender,162
2822,34,,"",,"","D. Lazović","",8,https://media.api-sports.io/football/players/2822.png,Midfielder,504
2823,28,,"",,"","S. Lukić","",20,https://media.api-sports.io/football/players/2823.png,Midfielder,36
2850,34,,"",,"","K. Johnsson","",30,https://media.api-sports.io/football/players/2850.png,Goalkeeper,95
2855,30,,"",,"","E. Krafth","",17,https://media.api-sports.io/football/players/2855.png,Defender,34
2864,25,,"",,"","A. Isak","",14,https://media.api-sports.io/football/players/2864.png,Attacker,34
2869,27,,"",,"","E. Álvarez","",19,https://media.api-sports.io/football/players/2869.png,Midfielder,48
2887,33,,"",,"","R. Jiménez","",7,https://media.api-sports.io/football/players/2887.png,Attacker,36
2897,28,,"",,"","Kim Min-Jae","",3,https://media.api-sports.io/football/players/2897.png,Defender,157
2901,28,,"",,"","Hwang In-Beom","",4,https://media.api-sports.io/football/players/2901.png,Midfielder,209
2906,32,,"",,"","Lee Jae-Sung","",7,https://media.api-sports.io/football/players/2906.png,Midfielder,164
2915,30,,"",,"","M. Ginter","",28,https://media.api-sports.io/football/players/2915.png,Defender,160
2916,29,,"",,"","N. Stark","",4,https://media.api-sports.io/football/players/2916.png,Defender,162
2917,28,,"",,"","M. Eggestein","",8,https://media.api-sports.io/football/players/2917.png,Midfielder,160
2919,32,,"",,"","M. Sels","",26,https://media.api-sports.io/football/players/2919.png,Goalkeeper,65
2920,29,,"",,"","T. Castagne","",21,https://media.api-sports.io/football/players/2920.png,Defender,36
2924,29,,"",,"","A. Januzaj","",24,https://media.api-sports.io/football/players/2924.png,Midfielder,534
2926,27,,"",,"","Y. Tielemans","",8,https://media.api-sports.io/football/players/2926.png,Midfielder,66
2931,38,,"",,"","T. Heaton","",22,https://media.api-sports.io/football/players/2931.png,Goalkeeper,33
2932,30,,"",,"","J. Pickford","",1,https://media.api-sports.io/football/players/2932.png,Goalkeeper,45
2933,28,,"",,"","B. Chilwell","",21,https://media.api-sports.io/football/players/2933.png,Defender,49
2934,31,,"",,"","M. Keane","",5,https://media.api-sports.io/football/players/2934.png,Defender,45
2935,31,,"",,"","H. Maguire","",5,https://media.api-sports.io/football/players/2935.png,Defender,33
2936,32,,"",,"","J. Tarkowski","",6,https://media.api-sports.io/football/players/2936.png,Defender,45
2937,25,,"",,"","D. Rice","",41,https://media.api-sports.io/football/players/2937.png,Midfielder,42
2938,30,,"",,"","J. Ward-Prowse","",18,https://media.api-sports.io/football/players/2938.png,Midfielder,65
2939,32,,"",,"","C. Wilson","",9,https://media.api-sports.io/football/players/2939.png,Attacker,34
2973,28,,"",,"","A. Murillo","",62,https://media.api-sports.io/football/players/2973.png,Defender,81
2990,35,,"",,"","I. Gueye","",27,https://media.api-sports.io/football/players/2990.png,Midfielder,45
2997,39,,"",,"","Ł. Fabiański","",1,https://media.api-sports.io/football/players/2997.png,Goalkeeper,48
2998,33,,"",,"","Ł. Skorupski","",1,https://media.api-sports.io/football/players/2998.png,Goalkeeper,500
2999,28,,"",,"","J. Bednarek","",35,https://media.api-sports.io/football/players/2999.png,Defender,41
3001,26,,"",,"","R. Gumny","",2,https://media.api-sports.io/football/players/3001.png,Defender,170
3007,29,,"",,"","P. Frankowski","",29,https://media.api-sports.io/football/players/3007.png,Midfielder,116
3009,29,,"",,"","K. Linetty","",77,https://media.api-sports.io/football/players/3009.png,Midfielder,503
3014,27,,"",,"","S. Żurkowski","",27,https://media.api-sports.io/football/players/3014.png,Midfielder,511
3033,33,,"",,"","C. Bakambu","",11,https://media.api-sports.io/football/players/3033.png,Attacker,543
3080,28,,"",,"","M. Munetsi","",15,https://media.api-sports.io/football/players/3080.png,Midfielder,93
3084,28,,"",,"","T. Kadewere","",10,https://media.api-sports.io/football/players/3084.png,Attacker,83
3099,26,,"",,"","Y. Ndayishimiye","",55,https://media.api-sports.io/football/players/3099.png,Midfielder,84
3173,27,,"",,"","I. Bennacer","",4,https://media.api-sports.io/football/players/3173.png,Midfielder,489
3175,31,,"",,"","Z. Ferhat","",20,https://media.api-sports.io/football/players/3175.png,Midfielder,77
3177,27,,"",,"","F. El Melali","",28,https://media.api-sports.io/football/players/3177.png,Attacker,77
3234,34,,"",,"","A. Bamba","",25,https://media.api-sports.io/football/players/3234.png,Defender,77
3240,29,,"",,"","J. Gbamin","",17,https://media.api-sports.io/football/players/3240.png,Midfielder,83
3246,29,,"",,"","N. Pépé","",19,https://media.api-sports.io/football/players/3246.png,Attacker,533
3247,32,,"",,"","W. Zaha","",12,https://media.api-sports.io/football/players/3247.png,Attacker,80
3333,32,,"",,"","M. Haïdara","",22,https://media.api-sports.io/football/players/3333.png,Defender,106
3335,27,,"",,"","K. Kouyaté","",4,https://media.api-sports.io/football/players/3335.png,Defender,82
3336,29,,"",,"","F. Sacko","",77,https://media.api-sports.io/football/players/3336.png,Defender,82
3339,24,,"",,"","C. Doucouré","",28,https://media.api-sports.io/football/players/3339.png,Midfielder,52
3379,30,,"",,"","C. Hountondji","",22,https://media.api-sports.io/football/players/3379.png,Defender,77
3395,30,,"",,"","S. Mounié","",15,https://media.api-sports.io/football/players/3395.png,Attacker,170
3406,29,,"",,"","A. Zambo Anguissa","",99,https://media.api-sports.io/football/players/3406.png,Midfielder,492
3428,33,,"",,"","J. Ayew","",18,https://media.api-sports.io/football/players/3428.png,Attacker,46
3430,30,,"",,"","C. Ekuban","",18,https://media.api-sports.io/football/players/3430.png,Attacker,495
3737,27,,"",,"","A. Sherri","",71,https://media.api-sports.io/football/players/3737.png,Goalkeeper,490
4399,25,,"",,"","H. Boudaoui","",6,https://media.api-sports.io/football/players/4399.png,Midfielder,84
5962,23,,"",,"","G. Ávila","",30,https://media.api-sports.io/football/players/5962.png,Defender,194
5974,26,,"",,"","J. Chicco","",24,https://media.api-sports.io/football/players/5974.png,Midfielder,537
5987,30,,"",,"","F. Angileri","",3,https://media.api-sports.io/football/players/5987.png,Defender,546
5996,23,,"",,"","E. Fernández","",8,https://media.api-sports.io/football/players/5996.png,Midfielder,49
6000,28,,"",,"","L. Martínez","",28,https://media.api-sports.io/football/players/6000.png,Defender,502
6002,26,,"",,"","E. Palacios","",25,https://media.api-sports.io/football/players/6002.png,Midfielder,168
6009,24,,"",,"","J. Álvarez","",19,https://media.api-sports.io/football/players/6009.png,Attacker,530
6010,23,,"",,"","L. Beltrán","",9,https://media.api-sports.io/football/players/6010.png,Attacker,502
6050,31,,"",,"","L. Gianetti","",30,https://media.api-sports.io/football/players/6050.png,Defender,494
6056,26,,"",,"","N. Domínguez","",16,https://media.api-sports.io/football/players/6056.png,Midfielder,65
6085,26,,"",,"","C. Benavídez","",23,https://media.api-sports.io/football/players/6085.png,Midfielder,542
6168,28,,"",,"","O. Alderete","",15,https://media.api-sports.io/football/players/6168.png,Defender,546
6221,25,,"",,"","L. Valenti","",5,https://media.api-sports.io/football/players/6221.png,Defender,523
6231,25,,"",,"","F. Medina","",14,https://media.api-sports.io/football/players/6231.png,Defender,116
6233,28,,"",,"","N. Tenaglia","",14,https://media.api-sports.io/football/players/6233.png,Defender,542
6324,24,,"",,"","E. Bullaude","",33,https://media.api-sports.io/football/players/6324.png,Midfielder,205
6383,26,,"",,"","M. Payero","",5,https://media.api-sports.io/football/players/6383.png,Midfielder,494
6386,24,,"",,"","J. Carranza","",19,https://media.api-sports.io/football/players/6386.png,Attacker,209
6409,29,,"",,"","N. Estévez","",8,https://media.api-sports.io/football/players/6409.png,Midfielder,523
6420,25,,"",,"","M. Retegui","",32,https://media.api-sports.io/football/players/6420.png,Attacker,499
6503,26,,"",,"","N. Molina","",16,https://media.api-sports.io/football/players/6503.png,Defender,530
6610,27,,"",,"","M. Senesi","",5,https://media.api-sports.io/football/players/6610.png,Defender,35
6662,23,,"",,"","S. Pierotti","",50,https://media.api-sports.io/football/players/6662.png,Attacker,867
6716,26,,"",,"","A. Mac Allister","",10,https://media.api-sports.io/football/players/6716.png,Midfielder,40
6904,25,,"",,"","C. Metcalfe","",24,https://media.api-sports.io/football/players/6904.png,Midfielder,186
6931,24,,"",,"","L. Cacace","",13,https://media.api-sports.io/football/players/6931.png,Defender,511
7029,24,,"",,"","J. Gauci","",18,https://media.api-sports.io/football/players/7029.png,Goalkeeper,66
7073,26,,"",,"","M. Grüll","",17,https://media.api-sports.io/football/players/7073.png,Attacker,162
7090,26,,"",,"","M. Svoboda","",30,https://media.api-sports.io/football/players/7090.png,Defender,517
7112,25,,"",,"","D. Grujčić","",5,https://media.api-sports.io/football/players/7112.png,Defender,205
7228,23,,"",,"","F. Stolz","",99,https://media.api-sports.io/football/players/7228.png,Goalkeeper,495
7288,29,,"",,"","M. Zetterer","",1,https://media.api-sports.io/football/players/7288.png,Goalkeeper,162
7305,27,,"",,"","B. Pichler","",9,https://media.api-sports.io/football/players/7305.png,Attacker,191
7313,26,,"",,"","P. Köhn","",16,https://media.api-sports.io/football/players/7313.png,Goalkeeper,91
7327,23,,"",,"","A. Prass","",22,https://media.api-sports.io/football/players/7327.png,Defender,167
7328,23,,"",,"","N. Seiwald","",13,https://media.api-sports.io/football/players/7328.png,Midfielder,173
7332,22,,"",,"","L. Sučić","",24,https://media.api-sports.io/football/players/7332.png,Midfielder,548
7334,22,,"",,"","K. Adeyemi","",27,https://media.api-sports.io/football/players/7334.png,Attacker,165
7475,27,,"",,"","R. Behounek","",30,https://media.api-sports.io/football/players/7475.png,Defender,195
7529,32,,"",,"","G. Trauner","",18,https://media.api-sports.io/football/players/7529.png,Defender,209
7562,24,,"",,"","R. Schmid","",20,https://media.api-sports.io/football/players/7562.png,Midfielder,162
7578,26,,"",,"","G. Mensah","",14,https://media.api-sports.io/football/players/7578.png,Defender,108
7591,26,,"",,"","S. Lovrić","",8,https://media.api-sports.io/football/players/7591.png,Midfielder,494
7600,26,,"",,"",Igor,"",3,https://media.api-sports.io/football/players/7600.png,Defender,51
7649,23,,"",,"","D. Nemeth","",4,https://media.api-sports.io/football/players/7649.png,Defender,186
7691,26,,"",,"","M. Berisha","",10,https://media.api-sports.io/football/players/7691.png,Attacker,167
7722,27,,"",,"","S. Kalajdzic","",18,https://media.api-sports.io/football/players/7722.png,Attacker,39
7783,26,,"",,"","I. Nicolăescu","",18,https://media.api-sports.io/football/players/7783.png,Attacker,210
8445,28,,"",,"","D. Batubinsika","",21,https://media.api-sports.io/football/players/8445.png,Defender,1063
8451,27,,"",,"","Aurélio Buta","",23,https://media.api-sports.io/football/players/8451.png,Defender,93
8470,25,,"",,"","J. De Busser","",22,https://media.api-sports.io/football/players/8470.png,Goalkeeper,410
8474,26,,"",,"","T. De Smet","",25,https://media.api-sports.io/football/players/8474.png,Defender,93
8486,27,,"",,"","E. Smith","",8,https://media.api-sports.io/football/players/8486.png,Midfielder,186
8489,24,,"",,"","J. David","",9,https://media.api-sports.io/football/players/8489.png,Attacker,79
8492,29,,"",,"","A. Sørloth","",9,https://media.api-sports.io/football/players/8492.png,Attacker,530
8500,31,,"",,"","W. Endo","",3,https://media.api-sports.io/football/players/8500.png,Midfielder,40
8518,30,,"",,"","M. Sylla","",7,https://media.api-sports.io/football/players/8518.png,Attacker,720
8553,25,,"",,"","M. Busi","",4,https://media.api-sports.io/football/players/8553.png,Defender,93
8586,29,,"",,"","M. Vojvoda","",27,https://media.api-sports.io/football/players/8586.png,Defender,503
8587,28,,"",,"","S. Amallah","",21,https://media.api-sports.io/football/players/8587.png,Midfielder,720
8598,27,,"",,"","T. Awoniyi","",9,https://media.api-sports.io/football/players/8598.png,Attacker,65
8624,32,,"",,"","F. Tardieu","",10,https://media.api-sports.io/football/players/8624.png,Midfielder,1063
8651,26,,"",,"","S. Essende","",9,https://media.api-sports.io/football/players/8651.png,Attacker,170
8673,24,,"",,"","O. Deman","",2,https://media.api-sports.io/football/players/8673.png,Defender,162
8683,27,,"",,"","I. Cardona","",24,https://media.api-sports.io/football/players/8683.png,Attacker,540
8694,26,,"",,"","W. Faes","",3,https://media.api-sports.io/football/players/8694.png,Defender,46
8718,27,,"",,"","M. Caufriez","",2,https://media.api-sports.io/football/players/8718.png,Defender,532
8742,24,,"",,"","R. Mantel","",30,https://media.api-sports.io/football/players/8742.png,Goalkeeper,206
8751,31,,"",,"","M. Tirpan","",25,https://media.api-sports.io/football/players/8751.png,Defender,195
8764,23,,"",,"","D. Mbayo","",11,https://media.api-sports.io/football/players/8764.png,Attacker,193
8794,25,,"",,"","G. Hirst","",27,https://media.api-sports.io/football/players/8794.png,Attacker,57
8900,30,,"",,"","J. Van den Bergh","",5,https://media.api-sports.io/football/players/8900.png,Defender,203
8902,24,,"",,"","B. De Keersmaecker","",14,https://media.api-sports.io/football/players/8902.png,Midfielder,206
8935,26,,"",,"","A. Van Hoorenbeeck","",17,https://media.api-sports.io/football/players/8935.png,Defender,415
8959,27,,"",,"","A. Beck","",21,https://media.api-sports.io/football/players/8959.png,Midfielder,180
8966,31,,"",,"","T. Teuma","",10,https://media.api-sports.io/football/players/8966.png,Midfielder,93
9026,29,,"",,"","N. Vasilj","",22,https://media.api-sports.io/football/players/9026.png,Goalkeeper,186
9072,29,,"",,"","M. Marić","",24,https://media.api-sports.io/football/players/9072.png,Attacker,1579
9363,24,,"",,"","Igor Paixão","",14,https://media.api-sports.io/football/players/9363.png,Attacker,209
9700,24,,"",,"",Abner,"",16,https://media.api-sports.io/football/players/9700.png,Defender,80
9971,24,,"",,"",Antony,"",21,https://media.api-sports.io/football/players/9971.png,Attacker,33
9975,24,,"",,"",Brenner,"",22,https://media.api-sports.io/football/players/9975.png,Attacker,494
10009,23,,"",,"",Rodrygo,"",11,https://media.api-sports.io/football/players/10009.png,Attacker,541
10036,27,,"",,"","Douglas Augusto","",6,https://media.api-sports.io/football/players/10036.png,Midfielder,83
10077,23,,"",,"","Luis Henrique","",44,https://media.api-sports.io/football/players/10077.png,Attacker,81
10097,25,,"",,"","Éderson","",13,https://media.api-sports.io/football/players/10097.png,Midfielder,499
10135,27,,"",,"","Bruno Guimarães","",39,https://media.api-sports.io/football/players/10135.png,Midfielder,34
10238,25,,"",,"","Carlos Augusto","",30,https://media.api-sports.io/football/players/10238.png,Defender,505
10316,27,,"",,"","Caio Henrique","",12,https://media.api-sports.io/football/players/10316.png,Defender,91
10322,23,,"",,"","Marcos Paulo","",,https://media.api-sports.io/football/players/10322.png,Attacker,530
10329,23,,"",,"","João Pedro","",9,https://media.api-sports.io/football/players/10329.png,Attacker,51
10373,26,,"",,"","Carlos Miguel","",33,https://media.api-sports.io/football/players/10373.png,Goalkeeper,65
11245,23,,"",,"","F. Krastev","",50,https://media.api-sports.io/football/players/11245.png,Midfielder,193
11379,28,,"",,"","A. Batalla","",13,https://media.api-sports.io/football/players/11379.png,Goalkeeper,728
11421,27,,"",,"","G. Suazo","",17,https://media.api-sports.io/football/players/11421.png,Defender,96
12550,30,,"",,"",Maurides,"",33,https://media.api-sports.io/football/players/12550.png,Attacker,186
13489,21,,"",,"","J. Durán","",9,https://media.api-sports.io/football/players/13489.png,Attacker,66
13736,28,,"",,"","D. Muñoz","",12,https://media.api-sports.io/football/players/13736.png,Defender,52
14295,24,,"",,"","J. Mitrović","",28,https://media.api-sports.io/football/players/14295.png,Attacker,205
14327,25,,"",,"","D. Bradarić","",12,https://media.api-sports.io/football/players/14327.png,Defender,504
14329,28,,"",,"","A. Ismajli","",34,https://media.api-sports.io/football/players/14329.png,Defender,511
14330,29,,"",,"","J. Juranović","",18,https://media.api-sports.io/football/players/14330.png,Defender,182
14341,28,,"",,"","S. Jurić","",20,https://media.api-sports.io/football/players/14341.png,Midfielder,720
14394,26,,"",,"","L. Ivanušec","",17,https://media.api-sports.io/football/players/14394.png,Attacker,209
14395,27,,"",,"","K. Jakić","",17,https://media.api-sports.io/football/players/14395.png,Midfielder,170
14553,25,,"",,"","N. Labrović","",22,https://media.api-sports.io/football/players/14553.png,Goalkeeper,170
14605,28,,"",,"","I. Prtajin","",9,https://media.api-sports.io/football/players/14605.png,Attacker,182
14701,24,,"",,"","J. Šutalo","",37,https://media.api-sports.io/football/players/14701.png,Defender,194
15286,27,,"",,"","Mousa Tamari","",9,https://media.api-sports.io/football/players/15286.png,Attacker,82
15573,25,,"",,"","K. Grabara","",1,https://media.api-sports.io/football/players/15573.png,Goalkeeper,161
15592,28,,"",,"","J. Stage","",6,https://media.api-sports.io/football/players/15592.png,Midfielder,162
15673,28,,"",,"","Y. Ramadani","",20,https://media.api-sports.io/football/players/15673.png,Midfielder,867
15684,32,,"",,"","P. Carlgren","",30,https://media.api-sports.io/football/players/15684.png,Goalkeeper,83
15690,25,,"",,"","S. Graves","",28,https://media.api-sports.io/football/players/15690.png,Defender,193
15732,23,,"",,"","M. Kaufmann","",29,https://media.api-sports.io/football/players/15732.png,Attacker,180
15745,25,,"",,"","M. Roerslev","",30,https://media.api-sports.io/football/players/15745.png,Defender,55
15783,27,,"",,"","E. Sabbi","",11,https://media.api-sports.io/football/players/15783.png,Attacker,111
15793,27,,"",,"","R. Nicolaisen","",2,https://media.api-sports.io/football/players/15793.png,Defender,96
15797,25,,"",,"","J. Cajuste","",12,https://media.api-sports.io/football/players/15797.png,Midfielder,57
15799,26,,"",,"","F. Onyeka","",19,https://media.api-sports.io/football/players/15799.png,Midfielder,170
15811,27,,"",,"","A. Dovbyk","",11,https://media.api-sports.io/football/players/15811.png,Attacker,497
15812,30,,"",,"","P. Onuachu","",32,https://media.api-sports.io/football/players/15812.png,Attacker,41
15843,25,,"",,"","O. Christensen","",53,https://media.api-sports.io/football/players/15843.png,Goalkeeper,502
15870,24,,"",,"","M. Hermansen","",30,https://media.api-sports.io/football/players/15870.png,Goalkeeper,46
15874,33,,"",,"","A. Jung","",3,https://media.api-sports.io/football/players/15874.png,Defender,162
15881,23,,"",,"","M. Frendrup","",32,https://media.api-sports.io/football/players/15881.png,Midfielder,495
15884,24,,"",,"","J. Lindstrøm","",29,https://media.api-sports.io/football/players/15884.png,Midfielder,45
15890,35,,"",,"","A. Erceg","",50,https://media.api-sports.io/football/players/15890.png,Attacker,205
15892,26,,"",,"","N. Laursen","",11,https://media.api-sports.io/football/players/15892.png,Attacker,206
15900,26,,"",,"","A. Mumin","",16,https://media.api-sports.io/football/players/15900.png,Defender,728
15901,28,,"",,"","M. Pedersen","",3,https://media.api-sports.io/football/players/15901.png,Defender,170
15905,25,,"",,"","M. Kofod Andersen","",38,https://media.api-sports.io/football/players/15905.png,Midfielder,517
15906,23,,"",,"","O. Antman","",19,https://media.api-sports.io/football/players/15906.png,Attacker,410
15908,24,,"",,"","M. Damsgaard","",24,https://media.api-sports.io/football/players/15908.png,Midfielder,55
15909,26,,"",,"","M. Frese","",3,https://media.api-sports.io/football/players/15909.png,Defender,504
15911,24,,"",,"","M. Kudus","",14,https://media.api-sports.io/football/players/15911.png,Midfielder,48
15920,24,,"",,"","I. Sadiq","",11,https://media.api-sports.io/football/players/15920.png,Attacker,201
15972,34,,"",,"","A. Albers","",19,https://media.api-sports.io/football/players/15972.png,Attacker,186
16367,23,,"",,"","W. Pacho","",51,https://media.api-sports.io/football/players/16367.png,Defender,85
17365,29,,"",,"","H. Toffolo","",15,https://media.api-sports.io/football/players/17365.png,Defender,65
17579,29,,"",,"","S. Szmodics","",23,https://media.api-sports.io/football/players/17579.png,Midfielder,57
17597,25,,"",,"","D. O&apos;Shea","",26,https://media.api-sports.io/football/players/17597.png,Defender,57
17661,22,,"",,"","J. Branthwaite","",32,https://media.api-sports.io/football/players/17661.png,Defender,45
17714,26,,"",,"","L. Woolfenden","",6,https://media.api-sports.io/football/players/17714.png,Defender,57
17736,27,,"",,"","D. Iversen","",31,https://media.api-sports.io/football/players/17736.png,Goalkeeper,46
17756,27,,"",,"","O. Afolayan","",17,https://media.api-sports.io/football/players/17756.png,Attacker,186
18146,31,,"",,"","D. Ward","",1,https://media.api-sports.io/football/players/18146.png,Goalkeeper,46
18397,26,,"",,"","J. Taylor","",14,https://media.api-sports.io/football/players/18397.png,Midfielder,57
18592,24,,"",,"","I. Ndiaye","",10,https://media.api-sports.io/football/players/18592.png,Attacker,45
18599,25,,"",,"","S. Thomas","",22,https://media.api-sports.io/football/players/18599.png,Midfielder,83
18737,38,,"",,"","J. Ruddy","",26,https://media.api-sports.io/football/players/18737.png,Goalkeeper,34
18739,33,,"",,"","W. Boly","",30,https://media.api-sports.io/football/players/18739.png,Defender,65
18741,31,,"",,"","C. Coady","",4,https://media.api-sports.io/football/players/18741.png,Defender,46
18742,32,,"",,"","M. Doherty","",2,https://media.api-sports.io/football/players/18742.png,Defender,39
18744,27,,"",,"","M. Kilman","",26,https://media.api-sports.io/football/players/18744.png,Defender,48
18746,24,,"",,"","M. Gibbs-White","",10,https://media.api-sports.io/football/players/18746.png,Midfielder,65
18753,28,,"",,"","Adama Traoré","",11,https://media.api-sports.io/football/players/18753.png,Attacker,36
18755,25,,"",,"","João Virgínia","",12,https://media.api-sports.io/football/players/18755.png,Goalkeeper,45
18758,36,,"",,"","S. Coleman","",23,https://media.api-sports.io/football/players/18758.png,Defender,45
18765,31,,"",,"","André Gomes","",26,https://media.api-sports.io/football/players/18765.png,Midfielder,79
18766,27,,"",,"","D. Calvert-Lewin","",9,https://media.api-sports.io/football/players/18766.png,Attacker,45
18767,27,,"",,"","A. Lookman","",11,https://media.api-sports.io/football/players/18767.png,Attacker,499
18771,31,,"",,"","Ricardo Pereira","",21,https://media.api-sports.io/football/players/18771.png,Defender,46
18772,36,,"",,"","J. Evans","",35,https://media.api-sports.io/football/players/18772.png,Defender,33
18778,27,,"",,"","H. Barnes","",11,https://media.api-sports.io/football/players/18778.png,Midfielder,34
18779,27,,"",,"","H. Choudhury","",17,https://media.api-sports.io/football/players/18779.png,Midfielder,46
18784,28,,"",,"","J. Maddison","",10,https://media.api-sports.io/football/players/18784.png,Midfielder,47
18785,32,,"",,"","N. Mendy","",26,https://media.api-sports.io/football/players/18785.png,Midfielder,116
18786,28,,"",,"","W. Ndidi","",6,https://media.api-sports.io/football/players/18786.png,Midfielder,46
18788,37,,"",,"","J. Vardy","",9,https://media.api-sports.io/football/players/18788.png,Attacker,46
18794,33,,"",,"","Kiko Femenía","",17,https://media.api-sports.io/football/players/18794.png,Defender,533
18797,33,,"",,"","C. Kabasele","",27,https://media.api-sports.io/football/players/18797.png,Defender,494
18799,30,,"",,"","A. Masina","",5,https://media.api-sports.io/football/players/18799.png,Defender,503
18805,31,,"",,"","A. Doucouré","",16,https://media.api-sports.io/football/players/18805.png,Midfielder,45
18806,29,,"",,"","W. Hughes","",19,https://media.api-sports.io/football/players/18806.png,Midfielder,52
18809,30,,"",,"",Deulofeu,"",,https://media.api-sports.io/football/players/18809.png,Attacker,494
18812,37,,"",,"","Adrián","",13,https://media.api-sports.io/football/players/18812.png,Goalkeeper,543
18813,35,,"",,"","A. Cresswell","",3,https://media.api-sports.io/football/players/18813.png,Defender,48
18814,27,,"",,"","I. Diop","",31,https://media.api-sports.io/football/players/18814.png,Defender,36
18819,34,,"",,"","M. Antonio","",9,https://media.api-sports.io/football/players/18819.png,Attacker,48
18823,24,,"",,"","B. Johnson","",18,https://media.api-sports.io/football/players/18823.png,Defender,57
18830,35,,"",,"","M. Arnautović","",8,https://media.api-sports.io/football/players/18830.png,Attacker,505
18835,37,,"",,"",Guaita,"",13,https://media.api-sports.io/football/players/18835.png,Goalkeeper,538
18843,32,,"",,"","J. Schlupp","",15,https://media.api-sports.io/football/players/18843.png,Midfielder,52
18845,34,,"",,"","P. van Aanholt","",,https://media.api-sports.io/football/players/18845.png,Defender,426
18846,27,,"",,"","A. Wan-Bissaka","",29,https://media.api-sports.io/football/players/18846.png,Defender,48
18847,35,,"",,"","J. Ward","",2,https://media.api-sports.io/football/players/18847.png,Defender,52
18858,37,,"",,"","A. Begović","",31,https://media.api-sports.io/football/players/18858.png,Goalkeeper,45
18860,25,,"",,"","M. Travers","",42,https://media.api-sports.io/football/players/18860.png,Goalkeeper,35
18861,29,,"",,"","N. Aké","",6,https://media.api-sports.io/football/players/18861.png,Defender,50
18862,33,,"",,"","N. Clyne","",17,https://media.api-sports.io/football/players/18862.png,Defender,52
18867,31,,"",,"","Diego Rico","",16,https://media.api-sports.io/football/players/18867.png,Defender,546
18869,33,,"",,"","A. Smith","",15,https://media.api-sports.io/football/players/18869.png,Defender,35
18870,27,,"",,"","D. Brooks","",7,https://media.api-sports.io/football/players/18870.png,Midfielder,35
18872,27,,"",,"","L. Cook","",4,https://media.api-sports.io/football/players/18872.png,Midfielder,35
18873,30,,"",,"","R. Fraser","",24,https://media.api-sports.io/football/players/18873.png,Midfielder,41
18881,32,,"",,"","J. King","",13,https://media.api-sports.io/football/players/18881.png,Attacker,96
18883,27,,"",,"","D. Solanke","",19,https://media.api-sports.io/football/players/18883.png,Attacker,47
18886,35,,"",,"","M. Dúbravka","",1,https://media.api-sports.io/football/players/18886.png,Goalkeeper,34
18894,31,,"",,"","J. Lascelles","",6,https://media.api-sports.io/football/players/18894.png,Defender,34
18895,33,,"",,"","F. Lejeune","",24,https://media.api-sports.io/football/players/18895.png,Defender,728
18896,30,,"",,"","Javier Manquillo","",22,https://media.api-sports.io/football/players/18896.png,Defender,538
18899,29,,"",,"","I. Hayden","",14,https://media.api-sports.io/football/players/18899.png,Midfielder,34
18901,27,,"",,"","S. Longstaff","",36,https://media.api-sports.io/football/players/18901.png,Midfielder,34
18902,28,,"",,"",Kenedy,"",24,https://media.api-sports.io/football/players/18902.png,Midfielder,720
18906,31,,"",,"","Ayoze Pérez","",22,https://media.api-sports.io/football/players/18906.png,Attacker,533
18911,32,,"",,"","N. Pope","",22,https://media.api-sports.io/football/players/18911.png,Goalkeeper,34
18917,35,,"",,"","B. Mee","",16,https://media.api-sports.io/football/players/18917.png,Defender,55
18918,31,,"",,"","C. Taylor","",21,https://media.api-sports.io/football/players/18918.png,Defender,41
18929,25,,"",,"","D. McNeil","",7,https://media.api-sports.io/football/players/18929.png,Attacker,45
18931,33,,"",,"","C. Wood","",11,https://media.api-sports.io/football/players/18931.png,Attacker,65
18932,36,,"",,"","F. Forster","",20,https://media.api-sports.io/football/players/18932.png,Goalkeeper,47
18935,35,,"",,"","A. McCarthy","",1,https://media.api-sports.io/football/players/18935.png,Goalkeeper,41
18940,30,,"",,"","J. Stephens","",5,https://media.api-sports.io/football/players/18940.png,Defender,41
18941,29,,"",,"","M. Targett","",13,https://media.api-sports.io/football/players/18941.png,Defender,34
18943,32,,"",,"","J. Vestergaard","",23,https://media.api-sports.io/football/players/18943.png,Defender,46
18947,31,,"",,"","M. Lemina","",5,https://media.api-sports.io/football/players/18947.png,Midfielder,39
18949,33,,"",,"","Oriol Romeu","",14,https://media.api-sports.io/football/players/18949.png,Midfielder,547
18955,32,,"",,"","D. Ings","",18,https://media.api-sports.io/football/players/18955.png,Attacker,48
18959,27,,"",,"","Robert Sánchez","",1,https://media.api-sports.io/football/players/18959.png,Goalkeeper,49
18960,34,,"",,"","J. Steele","",23,https://media.api-sports.io/football/players/18960.png,Goalkeeper,51
18961,32,,"",,"","D. Burn","",33,https://media.api-sports.io/football/players/18961.png,Defender,34
18963,33,,"",,"","L. Dunk","",5,https://media.api-sports.io/football/players/18963.png,Defender,51
18964,29,,"",,"",Bernardo,"",5,https://media.api-sports.io/football/players/18964.png,Defender,176
18967,25,,"",,"","L. Østigård","",55,https://media.api-sports.io/football/players/18967.png,Defender,94
18968,28,,"",,"","Y. Bissouma","",8,https://media.api-sports.io/football/players/18968.png,Midfielder,47
18970,33,,"",,"","P. Groß","",13,https://media.api-sports.io/football/players/18970.png,Midfielder,165
18973,30,,"",,"","S. March","",7,https://media.api-sports.io/football/players/18973.png,Midfielder,51
18997,33,,"",,"","L. Bacuna","",7,https://media.api-sports.io/football/players/18997.png,Defender,202
19004,31,,"",,"","B. De Cordova-Reid","",14,https://media.api-sports.io/football/players/19004.png,Attacker,46
19012,32,,"",,"","M. Bettinelli","",13,https://media.api-sports.io/football/players/19012.png,Goalkeeper,49
19025,33,,"",,"","T. Cairney","",10,https://media.api-sports.io/football/players/19025.png,Midfielder,36
19026,26,,"",,"","L. de la Torre","",14,https://media.api-sports.io/football/players/19026.png,Midfielder,538
19030,24,,"",,"","M. O&apos;Riley","",33,https://media.api-sports.io/football/players/19030.png,Midfielder,51
19032,24,,"",,"","R. Sessegnon","",30,https://media.api-sports.io/football/players/19032.png,Midfielder,36
19035,21,,"",,"","H. Elliott","",19,https://media.api-sports.io/football/players/19035.png,Midfielder,40
19043,30,,"",,"","T. Kongolo","",23,https://media.api-sports.io/football/players/19043.png,Defender,203
19065,34,,"",,"","Ivo Pinto","",12,https://media.api-sports.io/football/players/19065.png,Defender,205
19068,26,,"",,"","F. Passlack","",15,https://media.api-sports.io/football/players/19068.png,Defender,176
19070,24,,"",,"","M. Aarons","",37,https://media.api-sports.io/football/players/19070.png,Defender,35
19071,28,,"",,"","E. Buendía","",10,https://media.api-sports.io/football/players/19071.png,Midfielder,66
19073,26,,"",,"","B. Godfrey","",5,https://media.api-sports.io/football/players/19073.png,Defender,499
19088,27,,"",,"","D. Henderson","",1,https://media.api-sports.io/football/players/19088.png,Goalkeeper,52
19119,25,,"",,"","L. Davis","",3,https://media.api-sports.io/football/players/19119.png,Defender,57
19128,28,,"",,"","J. Harrison","",11,https://media.api-sports.io/football/players/19128.png,Attacker,45
19130,29,,"",,"","K. Phillips","",8,https://media.api-sports.io/football/players/19130.png,Midfielder,57
19136,24,,"",,"","J. Clarke","",47,https://media.api-sports.io/football/players/19136.png,Attacker,57
19143,31,,"",,"","S. Johnstone","",31,https://media.api-sports.io/football/players/19143.png,Goalkeeper,39
19145,27,,"",,"","T. Adarabioyo","",4,https://media.api-sports.io/football/players/19145.png,Defender,49
19147,34,,"",,"","C. Dawson","",15,https://media.api-sports.io/football/players/19147.png,Defender,39
19152,31,,"",,"","C. Townsend","",22,https://media.api-sports.io/football/players/19152.png,Defender,57
19163,29,,"",,"","J. Murphy","",23,https://media.api-sports.io/football/players/19163.png,Midfielder,34
19170,22,,"",,"","M. Rogers","",27,https://media.api-sports.io/football/players/19170.png,Attacker,66
19172,34,,"",,"","Ø. Nyland","",13,https://media.api-sports.io/football/players/19172.png,Goalkeeper,536
19177,29,,"",,"","K. Hause","",30,https://media.api-sports.io/football/players/19177.png,Defender,66
19179,31,,"",,"","T. Mings","",5,https://media.api-sports.io/football/players/19179.png,Defender,66
19182,27,,"",,"","A. Tuanzebe","",40,https://media.api-sports.io/football/players/19182.png,Defender,57
19185,26,,"",,"","K. Davis","",9,https://media.api-sports.io/football/players/19185.png,Attacker,494
19187,29,,"",,"","J. Grealish","",10,https://media.api-sports.io/football/players/19187.png,Midfielder,50
19191,30,,"",,"","J.  McGinn","",7,https://media.api-sports.io/football/players/19191.png,Midfielder,66
19192,23,,"",,"","J. Ramsey","",41,https://media.api-sports.io/football/players/19192.png,Midfielder,66
19194,27,,"",,"","T. Abraham","",90,https://media.api-sports.io/football/players/19194.png,Attacker,489
19197,39,,"",,"","S. Carson","",33,https://media.api-sports.io/football/players/19197.png,Goalkeeper,50
19209,27,,"",,"","F. Tomori","",23,https://media.api-sports.io/football/players/19209.png,Defender,489
19220,25,,"",,"","M. Mount","",7,https://media.api-sports.io/football/players/19220.png,Midfielder,33
19221,27,,"",,"","H. Wilson","",8,https://media.api-sports.io/football/players/19221.png,Midfielder,36
19235,24,,"",,"","D. Spence","",24,https://media.api-sports.io/football/players/19235.png,Defender,47
19245,25,,"",,"","M. Tavernier","",16,https://media.api-sports.io/football/players/19245.png,Midfielder,35
19248,22,,"",,"","N. Wood-Gordon","",15,https://media.api-sports.io/football/players/19248.png,Defender,41
19263,26,,"",,"","L. Kelly","",25,https://media.api-sports.io/football/players/19263.png,Defender,34
19265,29,,"",,"","A. Webster","",4,https://media.api-sports.io/football/players/19265.png,Defender,51
19281,24,,"",,"","A. Semenyo","",24,https://media.api-sports.io/football/players/19281.png,Attacker,35
19298,27,,"",,"","M. Cash","",2,https://media.api-sports.io/football/players/19298.png,Defender,66
19305,27,,"",,"","R. Yates","",22,https://media.api-sports.io/football/players/19305.png,Midfielder,65
19312,26,,"",,"","S. Benda","",23,https://media.api-sports.io/football/players/19312.png,Goalkeeper,36
19322,32,,"",,"","M. van der Hoorn","",3,https://media.api-sports.io/football/players/19322.png,Defender,207
19337,28,,"",,"","O. McBurnie","",16,https://media.api-sports.io/football/players/19337.png,Attacker,534
19341,31,,"",,"","D. Bentley","",25,https://media.api-sports.io/football/players/19341.png,Goalkeeper,39
19346,27,,"",,"","R. Henry","",3,https://media.api-sports.io/football/players/19346.png,Defender,55
19352,27,,"",,"","Sergi Canós","",7,https://media.api-sports.io/football/players/19352.png,Midfielder,532
19354,27,,"",,"","E. Konsa","",4,https://media.api-sports.io/football/players/19354.png,Defender,66
19360,23,,"",,"","J. Žambůrek","",13,https://media.api-sports.io/football/players/19360.png,Midfielder,206
19361,29,,"",,"","S. Benrahma","",17,https://media.api-sports.io/football/players/19361.png,Attacker,80
19362,26,,"",,"","J. Dasilva","",10,https://media.api-sports.io/football/players/19362.png,Midfielder,55
19364,28,,"",,"","N. Maupay","",8,https://media.api-sports.io/football/players/19364.png,Attacker,81
19365,27,,"",,"","C. Ogbene","",21,https://media.api-sports.io/football/players/19365.png,Attacker,57
19366,29,,"",,"","O. Watkins","",11,https://media.api-sports.io/football/players/19366.png,Attacker,66
19395,31,,"",,"","J. Pelupessy","",4,https://media.api-sports.io/football/players/19395.png,Midfielder,202
19428,28,,"",,"","J. Bowen","",20,https://media.api-sports.io/football/players/19428.png,Attacker,48
19461,26,,"",,"","L. Nmecha","",10,https://media.api-sports.io/football/players/19461.png,Attacker,161
19465,29,,"",,"","David Raya","",22,https://media.api-sports.io/football/players/19465.png,Goalkeeper,42
19480,29,,"",,"","H. Reed","",6,https://media.api-sports.io/football/players/19480.png,Midfielder,36
19484,27,,"",,"","A. Armstrong","",9,https://media.api-sports.io/football/players/19484.png,Attacker,41
19485,25,,"",,"","B. Brereton","",17,https://media.api-sports.io/football/players/19485.png,Attacker,41
19495,23,,"",,"","N. Collins","",22,https://media.api-sports.io/football/players/19495.png,Defender,55
19497,32,,"",,"","B. Martins Indi","",4,https://media.api-sports.io/football/players/19497.png,Defender,201
19524,28,,"",,"","C. Adams","",18,https://media.api-sports.io/football/players/19524.png,Attacker,503
19541,29,,"",,"","C. Walton","",28,https://media.api-sports.io/football/players/19541.png,Goalkeeper,57
19545,25,,"",,"","R. James","",24,https://media.api-sports.io/football/players/19545.png,Defender,49
19546,28,,"",,"","C. Kipré","",21,https://media.api-sports.io/football/players/19546.png,Defender,93
19549,27,,"",,"","A. Robinson","",33,https://media.api-sports.io/football/players/19549.png,Defender,36
19558,33,,"",,"","Sam Morsy","",5,https://media.api-sports.io/football/players/19558.png,Midfielder,57
19573,29,,"",,"","J. Lumley","",13,https://media.api-sports.io/football/players/19573.png,Goalkeeper,41
19586,26,,"",,"","E. Eze","",10,https://media.api-sports.io/football/players/19586.png,Midfielder,52
19587,28,,"",,"","R. Manning","",3,https://media.api-sports.io/football/players/19587.png,Defender,41
19599,32,,"",,"","E. Martínez","",23,https://media.api-sports.io/football/players/19599.png,Goalkeeper,66
19617,23,,"",,"","M. Olise","",17,https://media.api-sports.io/football/players/19617.png,Midfielder,157
19684,30,,"",,"","R. Matthews","",31,https://media.api-sports.io/football/players/19684.png,Goalkeeper,52
19719,27,,"",,"","J. Bree","",14,https://media.api-sports.io/football/players/19719.png,Defender,41
19720,25,,"",,"","T. Chalobah","",27,https://media.api-sports.io/football/players/19720.png,Defender,52
19733,25,,"",,"","F. Downes","",4,https://media.api-sports.io/football/players/19733.png,Midfielder,41
19760,26,,"",,"","J. Justin","",2,https://media.api-sports.io/football/players/19760.png,Defender,46
19789,31,,"",,"","E. Pinnock","",5,https://media.api-sports.io/football/players/19789.png,Defender,55
19824,25,,"",,"","J. Zemura","",33,https://media.api-sports.io/football/players/19824.png,Defender,494
19825,28,,"",,"","J. Aribo","",7,https://media.api-sports.io/football/players/19825.png,Midfielder,41
19959,27,,"",,"","B. White","",4,https://media.api-sports.io/football/players/19959.png,Defender,42
20007,27,,"",,"","C. Chaplin","",10,https://media.api-sports.io/football/players/20007.png,Attacker,57
20089,30,,"",,"","W. Burns","",7,https://media.api-sports.io/football/players/20089.png,Attacker,57
20093,22,,"",,"","J. Hill","",23,https://media.api-sports.io/football/players/20093.png,Defender,35
20167,31,,"",,"","J. Donacien","",44,https://media.api-sports.io/football/players/20167.png,Defender,57
20206,26,,"",,"","G. Osho","",3,https://media.api-sports.io/football/players/20206.png,Defender,108
20355,26,,"",,"","A. Ramsdale","",30,https://media.api-sports.io/football/players/20355.png,Goalkeeper,41
20457,29,,"",,"","C. Burgess","",15,https://media.api-sports.io/football/players/20457.png,Defender,57
20480,33,,"",,"","K. van Veen","",,https://media.api-sports.io/football/players/20480.png,Attacker,202
20520,32,,"",,"","I. Balliu","",20,https://media.api-sports.io/football/players/20520.png,Defender,728
20521,32,,"",,"","T. Delaine","",3,https://media.api-sports.io/football/players/20521.png,Defender,95
20537,25,,"",,"","I. Niane","",7,https://media.api-sports.io/football/players/20537.png,Attacker,77
20541,27,,"",,"","G. Larsonneur","",30,https://media.api-sports.io/football/players/20541.png,Goalkeeper,1063
20542,32,,"",,"","D. Léon","",16,https://media.api-sports.io/football/players/20542.png,Goalkeeper,108
20545,29,,"",,"","J. Castelletto","",21,https://media.api-sports.io/football/players/20545.png,Defender,83
20546,30,,"",,"","B. Chardonnet","",5,https://media.api-sports.io/football/players/20546.png,Defender,106
20554,30,,"",,"","H. Belkebla","",93,https://media.api-sports.io/football/players/20554.png,Midfielder,77
20558,26,,"",,"","H. Magnetti","",8,https://media.api-sports.io/football/players/20558.png,Midfielder,106
20566,25,,"",,"","Y. Diouf","",94,https://media.api-sports.io/football/players/20566.png,Goalkeeper,93
20576,32,,"",,"","Y. Salmier","",22,https://media.api-sports.io/football/players/20576.png,Defender,111
20586,27,,"",,"","R. Raveloson","",97,https://media.api-sports.io/football/players/20586.png,Midfielder,108
20589,25,,"",,"","B. Mbeumo","",19,https://media.api-sports.io/football/players/20589.png,Midfielder,55
20600,27,,"",,"","R. Perraud","",15,https://media.api-sports.io/football/players/20600.png,Defender,543
20633,30,,"",,"","J. Cabot","",19,https://media.api-sports.io/football/players/20633.png,Midfielder,116
20634,26,,"",,"","A. Claude-Maurice","",20,https://media.api-sports.io/football/players/20634.png,Midfielder,170
20638,24,,"",,"","E. Le Fée","",28,https://media.api-sports.io/football/players/20638.png,Midfielder,497
20648,29,,"",,"","I. Sissoko","",9,https://media.api-sports.io/football/players/20648.png,Attacker,1063
20649,28,,"",,"","Y. Wissa","",11,https://media.api-sports.io/football/players/20649.png,Midfielder,55
20654,28,,"",,"","F. Centonze","",18,https://media.api-sports.io/football/players/20654.png,Defender,83
20655,27,,"",,"","J. Duverne","",2,https://media.api-sports.io/football/players/20655.png,Defender,83
20656,25,,"",,"","E. Ebosse","",23,https://media.api-sports.io/football/players/20656.png,Defender,494
20661,25,,"",,"","M. Sagnan","",5,https://media.api-sports.io/football/players/20661.png,Defender,82
20665,26,,"",,"","J. Bellegarde","",27,https://media.api-sports.io/football/players/20665.png,Midfielder,39
20692,25,,"",,"","H. Abdelli","",10,https://media.api-sports.io/football/players/20692.png,Midfielder,77
20696,25,,"",,"","P. Gueye","",18,https://media.api-sports.io/football/players/20696.png,Midfielder,533
20706,31,,"",,"","G. Gallon","",23,https://media.api-sports.io/football/players/20706.png,Goalkeeper,94
20725,32,,"",,"","J. Lopy","",8,https://media.api-sports.io/football/players/20725.png,Midfielder,77
20732,28,,"",,"","G. Perrin","",10,https://media.api-sports.io/football/players/20732.png,Attacker,108
20736,35,,"",,"","B. Maubleu","",1,https://media.api-sports.io/football/players/20736.png,Goalkeeper,1063
20761,34,,"",,"","F. Sotoca","",7,https://media.api-sports.io/football/players/20761.png,Attacker,116
20762,28,,"",,"","R. Descamps","",40,https://media.api-sports.io/football/players/20762.png,Goalkeeper,80
20780,28,,"",,"","Mathias Pereira Lage","",26,https://media.api-sports.io/football/players/20780.png,Midfielder,106
20782,27,,"",,"","F. Ayé","",19,https://media.api-sports.io/football/players/20782.png,Attacker,108
20784,28,,"",,"","F. Honorat","",9,https://media.api-sports.io/football/players/20784.png,Midfielder,163
20836,27,,"",,"","C. Operi","",27,https://media.api-sports.io/football/players/20836.png,Defender,111
20850,28,,"",,"","C. Arcus","",2,https://media.api-sports.io/football/players/20850.png,Defender,77
20861,26,,"",,"","L. Fomba","",26,https://media.api-sports.io/football/players/20861.png,Midfielder,1063
20866,32,,"",,"","B. Touré","",20,https://media.api-sports.io/football/players/20866.png,Midfielder,82
20916,23,,"",,"","C. Wooh","",4,https://media.api-sports.io/football/players/20916.png,Defender,94
20995,24,,"",,"","M. Lacroix","",5,https://media.api-sports.io/football/players/20995.png,Defender,52
21004,22,,"",,"","L. Agoumé","",18,https://media.api-sports.io/football/players/21004.png,Midfielder,536
21010,27,,"",,"","E. Owusu","",42,https://media.api-sports.io/football/players/21010.png,Midfielder,108
21020,28,,"",,"","T. Robinet","",9,https://media.api-sports.io/football/players/21020.png,Attacker,419
21079,31,,"",,"","M. Dupé","",31,https://media.api-sports.io/football/players/21079.png,Goalkeeper,84
21080,28,,"",,"","A. Olliero","",20,https://media.api-sports.io/football/players/21080.png,Goalkeeper,93
21088,37,,"",,"","N. Pallois","",4,https://media.api-sports.io/football/players/21088.png,Defender,83
21090,31,,"",,"","Diego Carlos","",3,https://media.api-sports.io/football/players/21090.png,Defender,66
21102,30,,"",,"","V. Rongier","",21,https://media.api-sports.io/football/players/21102.png,Midfielder,81
21103,30,,"",,"","A. Touré","",94,https://media.api-sports.io/football/players/21103.png,Midfielder,111
21104,26,,"",,"","R. Kolo Muani","",23,https://media.api-sports.io/football/players/21104.png,Attacker,85
21136,41,,"",,"","L. Butelle","",16,https://media.api-sports.io/football/players/21136.png,Goalkeeper,93
21138,23,,"",,"","R. Aït-Nouri","",3,https://media.api-sports.io/football/players/21138.png,Defender,39
21143,30,,"",,"","T. Pellenard","",5,https://media.api-sports.io/football/players/21143.png,Defender,108
21145,37,,"",,"","P. Capelle","",15,https://media.api-sports.io/football/players/21145.png,Midfielder,77
21146,28,,"",,"","A. Fulgini","",11,https://media.api-sports.io/football/players/21146.png,Midfielder,116
21153,29,,"",,"","B. Santamaría","",8,https://media.api-sports.io/football/players/21153.png,Midfielder,94
21233,29,,"",,"","A. Zedadka","",13,https://media.api-sports.io/football/players/21233.png,Defender,79
21248,25,,"",,"","G. Coudert","",30,https://media.api-sports.io/football/players/21248.png,Goalkeeper,106
21381,31,,"",,"","J. Lefort","",21,https://media.api-sports.io/football/players/21381.png,Defender,77
21387,33,,"",,"","T. Monconduit","",7,https://media.api-sports.io/football/players/21387.png,Midfielder,1063
21393,28,,"",,"","S. Guirassy","",9,https://media.api-sports.io/football/players/21393.png,Attacker,165
21434,26,,"",,"","T. Sainte-Luce","",17,https://media.api-sports.io/football/players/21434.png,Defender,82
21438,30,,"",,"","A. Briançon","",23,https://media.api-sports.io/football/players/21438.png,Defender,1063
21439,32,,"",,"","J. Ferri","",12,https://media.api-sports.io/football/players/21439.png,Midfielder,82
21443,33,,"",,"","T. Savanier","",11,https://media.api-sports.io/football/players/21443.png,Midfielder,82
21450,29,,"",,"","B. Guillaume","",21,https://media.api-sports.io/football/players/21450.png,Attacker,419
21483,30,,"",,"","M. Caillard","",16,https://media.api-sports.io/football/players/21483.png,Goalkeeper,79
21484,36,,"",,"","D. Petrić","",1,https://media.api-sports.io/football/players/21484.png,Goalkeeper,116
21497,27,,"",,"","L. Blas","",11,https://media.api-sports.io/football/players/21497.png,Midfielder,94
21498,28,,"",,"","M. Coco","",11,https://media.api-sports.io/football/players/21498.png,Attacker,83
21509,27,,"",,"","M. Thuram","",9,https://media.api-sports.io/football/players/21509.png,Attacker,505
21565,26,,"",,"","D. Bertaud","",16,https://media.api-sports.io/football/players/21565.png,Goalkeeper,82
21566,33,,"",,"","B. Lecomte","",40,https://media.api-sports.io/football/players/21566.png,Goalkeeper,82
21568,31,,"",,"","R. Aguilar","",2,https://media.api-sports.io/football/players/21568.png,Defender,116
21570,25,,"",,"","N. Cozza","",3,https://media.api-sports.io/football/players/21570.png,Defender,83
21582,33,,"",,"","F. Mollet","",25,https://media.api-sports.io/football/players/21582.png,Midfielder,83
21584,29,,"",,"","M. Ristić","",21,https://media.api-sports.io/football/players/21584.png,Defender,538
21585,28,,"",,"","J. Sambia","",7,https://media.api-sports.io/football/players/21585.png,Defender,511
21587,29,,"",,"","E. Skhiri","",15,https://media.api-sports.io/football/players/21587.png,Midfielder,169
21592,30,,"",,"","G. Laborde","",24,https://media.api-sports.io/football/players/21592.png,Attacker,84
21618,29,,"",,"","J. Allevinah","",18,https://media.api-sports.io/football/players/21618.png,Attacker,77
21628,30,,"",,"","B. Samba","",30,https://media.api-sports.io/football/players/21628.png,Goalkeeper,116
21635,32,,"",,"","J. Gradit","",24,https://media.api-sports.io/football/players/21635.png,Defender,116
21636,30,,"",,"","F. Guilbert","",12,https://media.api-sports.io/football/players/21636.png,Defender,867
21694,28,,"",,"","N. Aguerd","",21,https://media.api-sports.io/football/players/21694.png,Defender,548
21696,23,,"",,"","T. Barbet","",22,https://media.api-sports.io/football/players/21696.png,Defender,419
21701,28,,"",,"","V. Rosier","",12,https://media.api-sports.io/football/players/21701.png,Defender,537
21709,24,,"",,"","E. Loiodice","",12,https://media.api-sports.io/football/players/21709.png,Midfielder,534
21715,29,,"",,"","W. Saïd","",22,https://media.api-sports.io/football/players/21715.png,Attacker,116
21997,23,,"",,"","Logan Costa","",2,https://media.api-sports.io/football/players/21997.png,Defender,533
21998,26,,"",,"","A. Disasi","",2,https://media.api-sports.io/football/players/21998.png,Defender,49
22003,27,,"",,"","M. Cafaro","",18,https://media.api-sports.io/football/players/22003.png,Midfielder,1063
22007,30,,"",,"","H. Kamara","",11,https://media.api-sports.io/football/players/22007.png,Defender,494
22015,28,,"",,"","B. Dia","",19,https://media.api-sports.io/football/players/22015.png,Attacker,487
22016,28,,"",,"","R. Oudin","",10,https://media.api-sports.io/football/players/22016.png,Midfielder,867
22087,25,,"",,"","M. Nadé","",3,https://media.api-sports.io/football/players/22087.png,Defender,1063
22090,23,,"",,"","W. Saliba","",2,https://media.api-sports.io/football/players/22090.png,Defender,42
22093,34,,"",,"","R. Cabella","",10,https://media.api-sports.io/football/players/22093.png,Midfielder,79
22094,24,,"",,"","W. Fofana","",29,https://media.api-sports.io/football/players/22094.png,Defender,49
22097,26,,"",,"","A. Nordin","",7,https://media.api-sports.io/football/players/22097.png,Attacker,82
22100,32,,"",,"","L. Diony","",9,https://media.api-sports.io/football/players/22100.png,Attacker,77
22102,33,,"",,"","W. Khazri","",10,https://media.api-sports.io/football/players/22102.png,Attacker,82
22134,26,,"",,"","K. Amian","",98,https://media.api-sports.io/football/players/22134.png,Defender,83
22136,23,,"",,"","B. Diakité","",18,https://media.api-sports.io/football/players/22136.png,Defender,79
22138,31,,"",,"","C. Jullien","",6,https://media.api-sports.io/football/players/22138.png,Defender,82
22141,30,,"",,"","I. Sylla","",3,https://media.api-sports.io/football/players/22141.png,Defender,82
22147,23,,"",,"","M. Koné","",17,https://media.api-sports.io/football/players/22147.png,Midfielder,497
22148,24,,"",,"","N. Ngoumou","",19,https://media.api-sports.io/football/players/22148.png,Midfielder,163
22149,27,,"",,"","I. Sangaré","",6,https://media.api-sports.io/football/players/22149.png,Midfielder,65
22157,31,,"",,"","W. Benítez","",1,https://media.api-sports.io/football/players/22157.png,Goalkeeper,197
22160,27,,"",,"","O. Boscagli","",18,https://media.api-sports.io/football/players/22160.png,Defender,197
22163,41,,"",,"",Dante,"",4,https://media.api-sports.io/football/players/22163.png,Defender,84
22166,25,,"",,"","M. Sarr","",20,https://media.api-sports.io/football/players/22166.png,Defender,116
22169,29,,"",,"","W. Cyprien","",25,https://media.api-sports.io/football/players/22169.png,Midfielder,523
22170,31,,"",,"","P. Lees-Melou","",20,https://media.api-sports.io/football/players/22170.png,Midfielder,106
22174,30,,"",,"","A. Tamèze","",61,https://media.api-sports.io/football/players/22174.png,Midfielder,503
22177,25,,"",,"","I. Ganago","",7,https://media.api-sports.io/football/players/22177.png,Attacker,83
22220,28,,"",,"","H. Koffi","",16,https://media.api-sports.io/football/players/22220.png,Goalkeeper,116
22221,29,,"",,"","M. Maignan","",16,https://media.api-sports.io/football/players/22221.png,Goalkeeper,489
22222,27,,"",,"","Z. Çelik","",19,https://media.api-sports.io/football/players/22222.png,Defender,497
22224,27,,"",,"","Gabriel Magalhães","",6,https://media.api-sports.io/football/players/22224.png,Defender,42
22225,30,,"",,"",Reinildo,"",23,https://media.api-sports.io/football/players/22225.png,Defender,530
22229,26,,"",,"","J. Ikoné","",11,https://media.api-sports.io/football/players/22229.png,Midfielder,502
22233,25,,"",,"","B. Soumaré","",24,https://media.api-sports.io/football/players/22233.png,Midfielder,46
22235,28,,"",,"","J. Bamba","",17,https://media.api-sports.io/football/players/22235.png,Attacker,538
22236,25,,"",,"","Rafael Leão","",10,https://media.api-sports.io/football/players/22236.png,Attacker,489
22244,27,,"",,"","A. Caci","",19,https://media.api-sports.io/football/players/22244.png,Defender,164
22247,33,,"",,"","K. Lala","",7,https://media.api-sports.io/football/players/22247.png,Defender,106
22254,25,,"",,"","Y. Fofana","",29,https://media.api-sports.io/football/players/22254.png,Midfielder,489
22258,34,,"",,"","J. Martin","",28,https://media.api-sports.io/football/players/22258.png,Midfielder,106
22260,27,,"",,"","I. Sissoko","",6,https://media.api-sports.io/football/players/22260.png,Midfielder,176
22261,31,,"",,"","A. Thomasson","",28,https://media.api-sports.io/football/players/22261.png,Midfielder,116
22264,30,,"",,"","L. Ajorque","",19,https://media.api-sports.io/football/players/22264.png,Attacker,106
22266,28,,"",,"","S. Grandsir","",29,https://media.api-sports.io/football/players/22266.png,Attacker,111
22903,36,,"",,"","G. Lembet","",40,https://media.api-sports.io/football/players/22903.png,Goalkeeper,94
23253,24,,"",,"","G. Jean","",19,https://media.api-sports.io/football/players/23253.png,Defender,867
23637,26,,"",,"","Y. Zouaoui","",18,https://media.api-sports.io/football/players/23637.png,Defender,111
23643,26,,"",,"","M. Guilavogui","",29,https://media.api-sports.io/football/players/23643.png,Attacker,186
24011,30,,"",,"","A. Desmas","",30,https://media.api-sports.io/football/players/24011.png,Goalkeeper,111
24147,26,,"",,"","M. Camara","",45,https://media.api-sports.io/football/players/24147.png,Midfielder,106
24201,28,,"",,"","A. Confais","",25,https://media.api-sports.io/football/players/24201.png,Midfielder,111
24284,26,,"",,"","Y. Maçon","",27,https://media.api-sports.io/football/players/24284.png,Defender,1063
24288,26,,"",,"","M. Bayo","",27,https://media.api-sports.io/football/players/24288.png,Attacker,79
24743,23,,"",,"","Z. Davitashvili","",22,https://media.api-sports.io/football/players/24743.png,Attacker,1063
24760,24,,"",,"","G. Mamardashvili","",25,https://media.api-sports.io/football/players/24760.png,Goalkeeper,532
24785,31,,"",,"","T. Horn","",1,https://media.api-sports.io/football/players/24785.png,Goalkeeper,176
24798,26,,"",,"","C. Führich","",27,https://media.api-sports.io/football/players/24798.png,Midfielder,172
24806,24,,"",,"","N. Nartey","",28,https://media.api-sports.io/football/players/24806.png,Midfielder,172
24807,26,,"",,"","S. Özcan","",8,https://media.api-sports.io/football/players/24807.png,Midfielder,161
24814,30,,"",,"","L. Zingerle","",25,https://media.api-sports.io/football/players/24814.png,Goalkeeper,173
24839,29,,"",,"","M. Friedrich","",5,https://media.api-sports.io/football/players/24839.png,Defender,163
24841,30,,"",,"","C. Lenz","",13,https://media.api-sports.io/football/players/24841.png,Defender,167
24842,25,,"",,"","L. Maloney","",33,https://media.api-sports.io/football/players/24842.png,Defender,180
24845,27,,"",,"","J. Ryerson","",26,https://media.api-sports.io/football/players/24845.png,Defender,165
24848,37,,"",,"","C. Trimmel","",28,https://media.api-sports.io/football/players/24848.png,Defender,182
24854,29,,"",,"","G. Prömel","",6,https://media.api-sports.io/football/players/24854.png,Midfielder,167
24868,24,,"",,"","J. Vagnoman","",4,https://media.api-sports.io/football/players/24868.png,Defender,172
24876,34,,"",,"","L. Holtby","",10,https://media.api-sports.io/football/players/24876.png,Midfielder,191
24881,26,,"",,"","M. Köhlert","",11,https://media.api-sports.io/football/players/24881.png,Defender,210
24882,26,,"",,"","O. Mangala","",8,https://media.api-sports.io/football/players/24882.png,Midfielder,45
24887,24,,"",,"","J. Arp","",20,https://media.api-sports.io/football/players/24887.png,Attacker,191
24888,28,,"",,"","Hwang Hee-Chan","",11,https://media.api-sports.io/football/players/24888.png,Attacker,39
24891,34,,"",,"","V. Eicher","",22,https://media.api-sports.io/football/players/24891.png,Goalkeeper,180
24893,33,,"",,"","K. Müller","",1,https://media.api-sports.io/football/players/24893.png,Goalkeeper,180
24894,23,,"",,"","D. Ramaj","",40,https://media.api-sports.io/football/players/24894.png,Goalkeeper,194
24897,30,,"",,"","M. Busch","",2,https://media.api-sports.io/football/players/24897.png,Defender,180
24899,30,,"",,"","P. Mainka","",6,https://media.api-sports.io/football/players/24899.png,Defender,180
24903,30,,"",,"","R. Andrich","",8,https://media.api-sports.io/football/players/24903.png,Midfielder,168
24904,26,,"",,"","N. Dorsch","",39,https://media.api-sports.io/football/players/24904.png,Midfielder,180
24910,28,,"",,"","T. Skarke","",21,https://media.api-sports.io/football/players/24910.png,Midfielder,182
24911,37,,"",,"","N. Theuerkauf","",30,https://media.api-sports.io/football/players/24911.png,Defender,180
24917,32,,"",,"","D. Thomalla","",11,https://media.api-sports.io/football/players/24917.png,Attacker,180
24924,26,,"",,"","J. Hoogma","",21,https://media.api-sports.io/football/players/24924.png,Defender,206
24932,24,,"",,"","F. Becker","",20,https://media.api-sports.io/football/players/24932.png,Midfielder,167
24952,25,,"",,"","T. Weiner","",1,https://media.api-sports.io/football/players/24952.png,Goalkeeper,191
24953,24,,"",,"","Y. Bisseck","",31,https://media.api-sports.io/football/players/24953.png,Defender,505
24955,28,,"",,"","M. Honsak","",17,https://media.api-sports.io/football/players/24955.png,Midfielder,180
24961,30,,"",,"","H. Wahl","",5,https://media.api-sports.io/football/players/24961.png,Defender,186
24962,27,,"",,"","L. Bénes","",20,https://media.api-sports.io/football/players/24962.png,Midfielder,182
24963,28,,"",,"","A. Karazor","",16,https://media.api-sports.io/football/players/24963.png,Midfielder,172
24968,28,,"",,"","M. Okugawa","",14,https://media.api-sports.io/football/players/24968.png,Midfielder,170
24969,26,,"",,"","P. Sander","",16,https://media.api-sports.io/football/players/24969.png,Midfielder,163
24979,28,,"",,"","J. Föhrenbach","",19,https://media.api-sports.io/football/players/24979.png,Defender,180
25004,32,,"",,"","S. Ortega","",18,https://media.api-sports.io/football/players/25004.png,Goalkeeper,50
25008,32,,"",,"","J. Clauss","",92,https://media.api-sports.io/football/players/25008.png,Defender,84
25011,26,,"",,"","A. Pieper","",5,https://media.api-sports.io/football/players/25011.png,Defender,162
25058,36,,"",,"","M. Riemann","",31,https://media.api-sports.io/football/players/25058.png,Goalkeeper,176
25061,23,,"",,"","A. Bella-Kotchap","",37,https://media.api-sports.io/football/players/25061.png,Defender,41
25066,26,,"",,"","M. Leitsch","",5,https://media.api-sports.io/football/players/25066.png,Defender,164
25073,26,,"",,"","V. Janelt","",27,https://media.api-sports.io/football/players/25073.png,Midfielder,55
25074,38,,"",,"","A. Losilla","",8,https://media.api-sports.io/football/players/25074.png,Midfielder,176
25084,33,,"",,"","S. Zoller","",27,https://media.api-sports.io/football/players/25084.png,Attacker,186
25141,35,,"",,"","S. Burchert","",30,https://media.api-sports.io/football/players/25141.png,Goalkeeper,186
25144,24,,"",,"","M. Bauer","",23,https://media.api-sports.io/football/players/25144.png,Defender,170
25151,29,,"",,"","M. Wittek","",32,https://media.api-sports.io/football/players/25151.png,Defender,176
25158,26,,"",,"","D. Raum","",22,https://media.api-sports.io/football/players/25158.png,Defender,173
25168,31,,"",,"","N. Lomb","",36,https://media.api-sports.io/football/players/25168.png,Goalkeeper,168
25192,33,,"",,"","K. Behrens","",17,https://media.api-sports.io/football/players/25192.png,Attacker,161
25203,27,,"",,"","B. Gimber","",5,https://media.api-sports.io/football/players/25203.png,Defender,180
25242,31,,"",,"","M. Bülter","",21,https://media.api-sports.io/football/players/25242.png,Attacker,167
25260,32,,"",,"","G. Nauber","",3,https://media.api-sports.io/football/players/25260.png,Defender,410
25268,26,,"",,"","L. Daschner","",7,https://media.api-sports.io/football/players/25268.png,Midfielder,176
25282,27,,"",,"","G. Kobel","",1,https://media.api-sports.io/football/players/25282.png,Goalkeeper,165
25287,26,,"",,"","K. Danso","",4,https://media.api-sports.io/football/players/25287.png,Defender,116
25290,33,,"",,"","J. Gouweleeuw","",6,https://media.api-sports.io/football/players/25290.png,Defender,170
25293,26,,"",,"","R. Oxford","",4,https://media.api-sports.io/football/players/25293.png,Defender,170
25297,30,,"",,"","M. Gregoritsch","",38,https://media.api-sports.io/football/players/25297.png,Attacker,160
25299,27,,"",,"","F. Jensen","",24,https://media.api-sports.io/football/players/25299.png,Midfielder,170
25300,30,,"",,"","R. Khedira","",8,https://media.api-sports.io/football/players/25300.png,Midfielder,182
25311,24,,"",,"","L. Plogmann","",1,https://media.api-sports.io/football/players/25311.png,Goalkeeper,410
25314,26,,"",,"","M. Friedl","",32,https://media.api-sports.io/football/players/25314.png,Defender,162
25321,31,,"",,"","D. Klaassen","",18,https://media.api-sports.io/football/players/25321.png,Midfielder,194
25326,26,,"",,"","J. Eggestein","",11,https://media.api-sports.io/football/players/25326.png,Attacker,186
25342,27,,"",,"","M. Mittelstädt","",7,https://media.api-sports.io/football/players/25342.png,Defender,172
25349,30,,"",,"","O. Duda","",33,https://media.api-sports.io/football/players/25349.png,Midfielder,504
25353,28,,"",,"","V. Lazaro","",20,https://media.api-sports.io/football/players/25353.png,Defender,503
25355,25,,"",,"","A. Maier","",10,https://media.api-sports.io/football/players/25355.png,Midfielder,170
25366,29,,"",,"","K. Akpoguma","",25,https://media.api-sports.io/football/players/25366.png,Defender,167
25368,28,,"",,"","W. Anton","",3,https://media.api-sports.io/football/players/25368.png,Defender,165
25375,30,,"",,"","T. Asano","",11,https://media.api-sports.io/football/players/25375.png,Attacker,798
25383,26,,"",,"","F. Muslija","",23,https://media.api-sports.io/football/players/25383.png,Midfielder,160
25389,30,,"",,"","I. Bebou","",9,https://media.api-sports.io/football/players/25389.png,Attacker,167
25391,31,,"",,"","N. Füllkrug","",11,https://media.api-sports.io/football/players/25391.png,Attacker,48
25396,37,,"",,"","P. Pervan","",12,https://media.api-sports.io/football/players/25396.png,Goalkeeper,161
25400,30,,"",,"","Y. Gerhardt","",31,https://media.api-sports.io/football/players/25400.png,Midfielder,161
25404,31,,"",,"","J. Roussillon","",26,https://media.api-sports.io/football/players/25404.png,Defender,182
25408,30,,"",,"","M. Arnold","",27,https://media.api-sports.io/football/players/25408.png,Midfielder,161
25413,27,,"",,"","E. Rexhbeçaj","",8,https://media.api-sports.io/football/players/25413.png,Midfielder,170
25414,24,,"",,"","J. Yeboah","",10,https://media.api-sports.io/football/players/25414.png,Midfielder,517
25416,32,,"",,"","W. Weghorst","",25,https://media.api-sports.io/football/players/25416.png,Attacker,194
25455,26,,"",,"","A. Barkok","",4,https://media.api-sports.io/football/players/25455.png,Midfielder,164
25458,27,,"",,"","D. Lukebakio","",11,https://media.api-sports.io/football/players/25458.png,Attacker,536
25461,31,,"",,"","K. Stöger","",7,https://media.api-sports.io/football/players/25461.png,Midfielder,163
25464,30,,"",,"","M. Ducksch","",7,https://media.api-sports.io/football/players/25464.png,Attacker,162
25502,26,,"",,"","O. Traoré","",23,https://media.api-sports.io/football/players/25502.png,Defender,180
25519,34,,"",,"","M. Kolke","",25,https://media.api-sports.io/football/players/25519.png,Goalkeeper,162
25530,28,,"",,"","D. Kyereh","",11,https://media.api-sports.io/football/players/25530.png,Midfielder,160
25533,26,,"",,"","N. Schmidt","",20,https://media.api-sports.io/football/players/25533.png,Midfielder,96
25597,29,,"",,"","F. Bredlow","",1,https://media.api-sports.io/football/players/25597.png,Goalkeeper,172
25609,29,,"",,"","P. Erras","",4,https://media.api-sports.io/football/players/25609.png,Midfielder,191
25626,27,,"",,"","M. Nicolas","",33,https://media.api-sports.io/football/players/25626.png,Goalkeeper,163
25627,36,,"",,"","T. Sippel","",21,https://media.api-sports.io/football/players/25627.png,Goalkeeper,163
25635,32,,"",,"","J. Hofmann","",7,https://media.api-sports.io/football/players/25635.png,Midfielder,168
25638,27,,"",,"","F. Neuhaus","",10,https://media.api-sports.io/football/players/25638.png,Midfielder,163
25646,31,,"",,"","A. Pléa","",14,https://media.api-sports.io/football/players/25646.png,Attacker,163
25903,26,,"",,"","F. Dahmen","",1,https://media.api-sports.io/football/players/25903.png,Goalkeeper,170
25904,30,,"",,"","J. Huth","",24,https://media.api-sports.io/football/players/25904.png,Goalkeeper,160
25905,27,,"",,"","F. Müller","",21,https://media.api-sports.io/football/players/25905.png,Goalkeeper,160
25906,30,,"",,"","R. Zentner","",27,https://media.api-sports.io/football/players/25906.png,Goalkeeper,164
25907,33,,"",,"","S. Bell","",16,https://media.api-sports.io/football/players/25907.png,Defender,164
25914,27,,"",,"","Aarón Martín","",3,https://media.api-sports.io/football/players/25914.png,Defender,495
25915,30,,"",,"","P. Mwene","",2,https://media.api-sports.io/football/players/25915.png,Defender,164
25916,28,,"",,"","M. Niakhaté","",19,https://media.api-sports.io/football/players/25916.png,Defender,80
25917,26,,"",,"","R. Baku","",20,https://media.api-sports.io/football/players/25917.png,Midfielder,161
25919,29,,"",,"","G. Holtmann","",21,https://media.api-sports.io/football/players/25919.png,Attacker,176
25926,24,,"",,"","J. Burkardt","",29,https://media.api-sports.io/football/players/25926.png,Attacker,164
25927,27,,"",,"","J. Mateta","",14,https://media.api-sports.io/football/players/25927.png,Attacker,52
25928,32,,"",,"","K. Onisiwo","",9,https://media.api-sports.io/football/players/25928.png,Attacker,164
26095,26,,"",,"","M. Šverko","",33,https://media.api-sports.io/football/players/26095.png,Defender,517
26171,27,,"",,"","P. Tietz","",21,https://media.api-sports.io/football/players/26171.png,Attacker,170
26227,24,,"",,"","M. Broschinski","",29,https://media.api-sports.io/football/players/26227.png,Attacker,176
26232,31,,"",,"","M. Flekken","",1,https://media.api-sports.io/football/players/26232.png,Goalkeeper,55
26234,32,,"",,"","A. Schwolow","",37,https://media.api-sports.io/football/players/26234.png,Goalkeeper,182
26235,33,,"",,"","M. Gulde","",5,https://media.api-sports.io/football/players/26235.png,Defender,160
26236,31,,"",,"","C. Günter","",30,https://media.api-sports.io/football/players/26236.png,Defender,160
26238,28,,"",,"","R. Koch","",4,https://media.api-sports.io/football/players/26238.png,Defender,169
26239,32,,"",,"","L. Kübler","",17,https://media.api-sports.io/football/players/26239.png,Defender,160
26240,28,,"",,"","P. Lienhart","",3,https://media.api-sports.io/football/players/26240.png,Defender,160
26242,27,,"",,"","K. Schlotterbeck","",31,https://media.api-sports.io/football/players/26242.png,Defender,170
26243,25,,"",,"","N. Schlotterbeck","",4,https://media.api-sports.io/football/players/26243.png,Defender,165
26244,28,,"",,"","P. Stenzel","",15,https://media.api-sports.io/football/players/26244.png,Defender,172
26248,31,,"",,"","V. Grifo","",32,https://media.api-sports.io/football/players/26248.png,Midfielder,160
26249,30,,"",,"","J. Haberer","",19,https://media.api-sports.io/football/players/26249.png,Midfielder,182
26250,34,,"",,"","N. Höfler","",27,https://media.api-sports.io/football/players/26250.png,Midfielder,160
26255,30,,"",,"","L. Höler","",9,https://media.api-sports.io/football/players/26255.png,Attacker,160
26256,29,,"",,"","T. Kleindienst","",11,https://media.api-sports.io/football/players/26256.png,Attacker,163
26263,31,,"",,"","M. Engelhardt","",31,https://media.api-sports.io/football/players/26263.png,Goalkeeper,191
26287,31,,"",,"","P. Hofmann","",33,https://media.api-sports.io/football/players/26287.png,Attacker,176
26291,36,,"",,"","J. Grahl","",33,https://media.api-sports.io/football/players/26291.png,Goalkeeper,169
26292,33,,"",,"","A. Meyer","",33,https://media.api-sports.io/football/players/26292.png,Goalkeeper,165
26300,24,,"",,"","O. Kabak","",5,https://media.api-sports.io/football/players/26300.png,Defender,167
26301,29,,"",,"","M. Kempf","",2,https://media.api-sports.io/football/players/26301.png,Defender,895
26302,27,,"",,"","Pablo Maffeo","",23,https://media.api-sports.io/football/players/26302.png,Defender,798
26303,26,,"",,"","B. Sosa","",24,https://media.api-sports.io/football/players/26303.png,Defender,503
26315,26,,"",,"","N. González","",11,https://media.api-sports.io/football/players/26315.png,Attacker,496
26319,25,,"",,"","F. Agu","",27,https://media.api-sports.io/football/players/26319.png,Defender,162
26358,27,,"",,"","B. Manu","",77,https://media.api-sports.io/football/players/26358.png,Attacker,193
26395,31,,"",,"","P. Drewes","",27,https://media.api-sports.io/football/players/26395.png,Goalkeeper,176
26453,28,,"",,"","M. Komenda","",3,https://media.api-sports.io/football/players/26453.png,Defender,191
26475,28,,"",,"","D. Undav","",26,https://media.api-sports.io/football/players/26475.png,Attacker,172
26519,25,,"",,"","Hong Hyun-Seok","",14,https://media.api-sports.io/football/players/26519.png,Midfielder,164
26525,27,,"",,"","F. Porath","",8,https://media.api-sports.io/football/players/26525.png,Midfielder,191
26530,30,,"",,"","S. Schimmer","",9,https://media.api-sports.io/football/players/26530.png,Attacker,180
26644,23,,"",,"","C. Mandas","",35,https://media.api-sports.io/football/players/26644.png,Goalkeeper,487
26828,28,,"",,"","G. Kiriakopoulos","",77,https://media.api-sports.io/football/players/26828.png,Defender,1579
26845,25,,"",,"","T. Douvikas","",9,https://media.api-sports.io/football/players/26845.png,Attacker,538
27157,28,,"",,"","M. Saliakas","",2,https://media.api-sports.io/football/players/27157.png,Defender,186
28382,30,,"",,"","H. Tabaković","",26,https://media.api-sports.io/football/players/28382.png,Attacker,167
28443,26,,"",,"","A. Szalai","",41,https://media.api-sports.io/football/players/28443.png,Defender,167
28646,25,,"",,"","K. Finnsson","",5,https://media.api-sports.io/football/players/28646.png,Defender,207
28700,24,,"",,"","B. Bjarkason","",19,https://media.api-sports.io/football/players/28700.png,Midfielder,517
28733,24,,"",,"","B. Willumsson","",9,https://media.api-sports.io/football/players/28733.png,Attacker,202
28744,24,,"",,"","Þ. Helgason","",14,https://media.api-sports.io/football/players/28744.png,Midfielder,867
30391,23,,"",,"","F. Brancolini","",98,https://media.api-sports.io/football/players/30391.png,Goalkeeper,511
30393,25,,"",,"","A. Lafont","",1,https://media.api-sports.io/football/players/30393.png,Goalkeeper,83
30394,34,,"",,"","P. Terracciano","",1,https://media.api-sports.io/football/players/30394.png,Goalkeeper,502
30396,32,,"",,"","C. Biraghi","",3,https://media.api-sports.io/football/players/30396.png,Defender,502
30399,27,,"",,"","D. Hancko","",33,https://media.api-sports.io/football/players/30399.png,Defender,209
30405,28,,"",,"","E. Fernandes","",6,https://media.api-sports.io/football/players/30405.png,Defender,106
30407,30,,"",,"","C. Nørgaard","",6,https://media.api-sports.io/football/players/30407.png,Midfielder,55
30409,31,,"",,"","J. Veretout","",7,https://media.api-sports.io/football/players/30409.png,Midfielder,80
30410,27,,"",,"","F. Chiesa","",14,https://media.api-sports.io/football/players/30410.png,Attacker,40
30414,29,,"",,"","G. Simeone","",18,https://media.api-sports.io/football/players/30414.png,Attacker,492
30415,24,,"",,"","D. Vlahović","",9,https://media.api-sports.io/football/players/30415.png,Attacker,496
30417,24,,"",,"","M. Carnesecchi","",29,https://media.api-sports.io/football/players/30417.png,Goalkeeper,499
30418,29,,"",,"","P. Gollini","",95,https://media.api-sports.io/football/players/30418.png,Goalkeeper,495
30419,33,,"",,"","F. Rossi","",31,https://media.api-sports.io/football/players/30419.png,Goalkeeper,499
30420,25,,"",,"","E. Del Prato","",15,https://media.api-sports.io/football/players/30420.png,Defender,523
30421,31,,"",,"","B. Djimsiti","",19,https://media.api-sports.io/football/players/30421.png,Defender,499
30422,30,,"",,"","R. Gosens","",21,https://media.api-sports.io/football/players/30422.png,Defender,502
30423,30,,"",,"","H. Hateboer","",33,https://media.api-sports.io/football/players/30423.png,Midfielder,94
30425,28,,"",,"","G. Mancini","",23,https://media.api-sports.io/football/players/30425.png,Defender,497
30427,23,,"",,"","C. Okoli","",5,https://media.api-sports.io/football/players/30427.png,Defender,46
30428,34,,"",,"","J. Palomino","",24,https://media.api-sports.io/football/players/30428.png,Defender,490
30429,34,,"",,"","R. Tolói","",2,https://media.api-sports.io/football/players/30429.png,Defender,499
30431,25,,"",,"","A. Colpani","",23,https://media.api-sports.io/football/players/30431.png,Midfielder,502
30432,33,,"",,"","M. de Roon","",15,https://media.api-sports.io/football/players/30432.png,Midfielder,499
30435,24,,"",,"","D. Kulusevski","",21,https://media.api-sports.io/football/players/30435.png,Midfielder,47
30436,27,,"",,"","M. Pessina","",32,https://media.api-sports.io/football/players/30436.png,Midfielder,1579
30438,24,,"",,"","N. Cambiaghi","",28,https://media.api-sports.io/football/players/30438.png,Attacker,500
30440,23,,"",,"","R. Piccoli","",91,https://media.api-sports.io/football/players/30440.png,Attacker,490
30441,27,,"",,"","E. Audero","",1,https://media.api-sports.io/football/players/30441.png,Goalkeeper,895
30453,28,,"",,"","J. Jankto","",21,https://media.api-sports.io/football/players/30453.png,Midfielder,490
30460,31,,"",,"","G. Caprari","",10,https://media.api-sports.io/football/players/30460.png,Attacker,1579
30471,31,,"",,"","M. Dijks","",35,https://media.api-sports.io/football/players/30471.png,Defender,205
30484,25,,"",,"","M. Svanberg","",32,https://media.api-sports.io/football/players/30484.png,Midfielder,161
30488,27,,"",,"","R. Orsolini","",7,https://media.api-sports.io/football/players/30488.png,Attacker,500
30490,33,,"",,"","N. Sansone","",11,https://media.api-sports.io/football/players/30490.png,Attacker,867
30497,27,,"",,"",Bremer,"",3,https://media.api-sports.io/football/players/30497.png,Defender,496
30498,36,,"",,"","L. De Silvestri","",29,https://media.api-sports.io/football/players/30498.png,Defender,500
30501,32,,"",,"","A. Izzo","",4,https://media.api-sports.io/football/players/30501.png,Defender,1579
30504,24,,"",,"","W. Singo","",17,https://media.api-sports.io/football/players/30504.png,Defender,91
30505,24,,"",,"","M. Adopo","",8,https://media.api-sports.io/football/players/30505.png,Midfielder,490
30506,32,,"",,"","D. Baselli","",8,https://media.api-sports.io/football/players/30506.png,Midfielder,895
30509,31,,"",,"","A. Belotti","",11,https://media.api-sports.io/football/players/30509.png,Attacker,895
30510,29,,"",,"","Álex Berenguer","",7,https://media.api-sports.io/football/players/30510.png,Attacker,531
30513,24,,"",,"","B. Kone","",4,https://media.api-sports.io/football/players/30513.png,Midfielder,895
30519,23,,"",,"","S. Turati","",30,https://media.api-sports.io/football/players/30519.png,Goalkeeper,1579
30525,27,,"",,"","Pol Lirola","",29,https://media.api-sports.io/football/players/30525.png,Defender,81
30526,29,,"",,"","G. Magnani","",23,https://media.api-sports.io/football/players/30526.png,Defender,504
30527,26,,"",,"","Rogério","",13,https://media.api-sports.io/football/players/30527.png,Defender,161
30531,27,,"",,"","J. Boga","",7,https://media.api-sports.io/football/players/30531.png,Attacker,84
30532,31,,"",,"","A. Duncan","",32,https://media.api-sports.io/football/players/30532.png,Midfielder,517
30533,26,,"",,"","M. Locatelli","",5,https://media.api-sports.io/football/players/30533.png,Midfielder,496
30535,29,,"",,"","S. Sensi","",12,https://media.api-sports.io/football/players/30535.png,Midfielder,1579
30542,25,,"",,"","J. Odgaard","",21,https://media.api-sports.io/football/players/30542.png,Attacker,500
30543,24,,"",,"","G. Raspadori","",81,https://media.api-sports.io/football/players/30543.png,Attacker,492
30544,25,,"",,"","G. Scamacca","",9,https://media.api-sports.io/football/players/30544.png,Attacker,499
30546,30,,"",,"","A. Cragno","",1,https://media.api-sports.io/football/players/30546.png,Goalkeeper,1579
30553,31,,"",,"","C. Lykogiannis","",22,https://media.api-sports.io/football/players/30553.png,Defender,500
30554,25,,"",,"","L. Pellegrini","",3,https://media.api-sports.io/football/players/30554.png,Defender,487
30558,27,,"",,"","N. Barella","",23,https://media.api-sports.io/football/players/30558.png,Midfielder,505
30561,29,,"",,"","A. Deiola","",14,https://media.api-sports.io/football/players/30561.png,Midfielder,490
30570,28,,"",,"","A. Cerri","",17,https://media.api-sports.io/football/players/30570.png,Attacker,895
30573,36,,"",,"","L. Pavoletti","",30,https://media.api-sports.io/football/players/30573.png,Attacker,490
30603,26,,"",,"","Dany Mota","",47,https://media.api-sports.io/football/players/30603.png,Attacker,1579
30611,28,,"",,"","L. Montipò","",1,https://media.api-sports.io/football/players/30611.png,Goalkeeper,504
30615,33,,"",,"","L. Caldirola","",5,https://media.api-sports.io/football/players/30615.png,Defender,1579
30618,31,,"",,"","G. Di Chiara","",77,https://media.api-sports.io/football/players/30618.png,Defender,523
30629,35,,"",,"","N. Viola","",10,https://media.api-sports.io/football/players/30629.png,Midfielder,490
30642,32,,"",,"","A. Paleari","",1,https://media.api-sports.io/football/players/30642.png,Goalkeeper,503
30663,32,,"",,"","D. Diaw","",17,https://media.api-sports.io/football/players/30663.png,Attacker,1579
30670,27,,"",,"","M. Di Gregorio","",29,https://media.api-sports.io/football/players/30670.png,Goalkeeper,496
30708,25,,"",,"","S. Birindelli","",19,https://media.api-sports.io/football/players/30708.png,Defender,1579
30731,23,,"",,"","E. Caprile","",25,https://media.api-sports.io/football/players/30731.png,Goalkeeper,492
30736,31,,"",,"","M. Bani","",13,https://media.api-sports.io/football/players/30736.png,Defender,495
30737,31,,"",,"","F. Barba","",93,https://media.api-sports.io/football/players/30737.png,Defender,895
30748,27,,"",,"","A. Dioussé","",18,https://media.api-sports.io/football/players/30748.png,Midfielder,108
30765,27,,"",,"","I. Radu","",97,https://media.api-sports.io/football/players/30765.png,Goalkeeper,505
30768,26,,"",,"","Pedro Pereira","",13,https://media.api-sports.io/football/players/30768.png,Defender,1579
30770,24,,"",,"","A. Candela","",27,https://media.api-sports.io/football/players/30770.png,Defender,517
30775,27,,"",,"","G. Pezzella","",3,https://media.api-sports.io/football/players/30775.png,Defender,511
30776,26,,"",,"","C. Romero","",17,https://media.api-sports.io/football/players/30776.png,Defender,47
30780,29,,"",,"","L. Mazzitelli","",36,https://media.api-sports.io/football/players/30780.png,Midfielder,895
30784,23,,"",,"","N. Rovella","",6,https://media.api-sports.io/football/players/30784.png,Midfielder,487
30785,25,,"",,"","A. Schäfer","",13,https://media.api-sports.io/football/players/30785.png,Midfielder,182
30789,27,,"",,"","C. Kouamé","",99,https://media.api-sports.io/football/players/30789.png,Attacker,502
30790,34,,"",,"","G. Lapadula","",9,https://media.api-sports.io/football/players/30790.png,Attacker,490
30794,27,,"",,"","S. Perisan","",1,https://media.api-sports.io/football/players/30794.png,Goalkeeper,511
30797,34,,"",,"","B. Nuytinck","",17,https://media.api-sports.io/football/players/30797.png,Defender,413
30810,27,,"",,"","R. Mandragora","",8,https://media.api-sports.io/football/players/30810.png,Midfielder,502
30822,30,,"",,"","T. Augello","",3,https://media.api-sports.io/football/players/30822.png,Defender,490
30827,26,,"",,"","M. Erlić","",5,https://media.api-sports.io/football/players/30827.png,Defender,500
30833,27,,"",,"","Alessio Da Cruz","",23,https://media.api-sports.io/football/players/30833.png,Midfielder,205
30845,30,,"",,"","E. Gyasi","",11,https://media.api-sports.io/football/players/30845.png,Attacker,511
30853,28,,"",,"","K. Bonifazi","",21,https://media.api-sports.io/football/players/30853.png,Defender,867
30866,31,,"",,"","M. Lazzari","",29,https://media.api-sports.io/football/players/30866.png,Midfielder,487
30875,31,,"",,"","M. Valoti","",27,https://media.api-sports.io/football/players/30875.png,Midfielder,1579
30879,29,,"",,"","A. Petagna","",37,https://media.api-sports.io/football/players/30879.png,Attacker,1579
30912,33,,"",,"","A. Berardi","",22,https://media.api-sports.io/football/players/30912.png,Goalkeeper,504
30921,29,,"",,"","P. Dawidowicz","",27,https://media.api-sports.io/football/players/30921.png,Defender,504
30922,33,,"",,"","M. Faraoni","",5,https://media.api-sports.io/football/players/30922.png,Defender,504
30924,24,,"",,"","M. Kumbulla","",4,https://media.api-sports.io/football/players/30924.png,Defender,540
30932,28,,"",,"","L. Henderson","",6,https://media.api-sports.io/football/players/30932.png,Midfielder,511
30937,29,,"",,"","M. Zaccagni","",10,https://media.api-sports.io/football/players/30937.png,Midfielder,487
31009,25,,"",,"","A. Bastoni","",95,https://media.api-sports.io/football/players/31009.png,Defender,505
31010,27,,"",,"","F. Dimarco","",32,https://media.api-sports.io/football/players/31010.png,Defender,505
31021,29,,"",,"","A. Grassi","",5,https://media.api-sports.io/football/players/31021.png,Midfielder,511
31037,30,,"",,"","I. Provedel","",94,https://media.api-sports.io/football/players/31037.png,Goalkeeper,487
31042,31,,"",,"","G. Di Lorenzo","",22,https://media.api-sports.io/football/players/31042.png,Defender,492
31051,23,,"",,"","L. Belardinelli","",16,https://media.api-sports.io/football/players/31051.png,Midfielder,511
31056,23,,"",,"","S. Ricci","",28,https://media.api-sports.io/football/players/31056.png,Midfielder,503
31057,24,,"",,"","H. Traorè","",25,https://media.api-sports.io/football/players/31057.png,Midfielder,108
31069,32,,"",,"","M. Sportiello","",57,https://media.api-sports.io/football/players/31069.png,Goalkeeper,489
31073,31,,"",,"","E. Goldaniga","",5,https://media.api-sports.io/football/players/31073.png,Defender,895
31079,31,,"",,"","F. Zampano","",7,https://media.api-sports.io/football/players/31079.png,Defender,517
31094,25,,"",,"","A. Pinamonti","",19,https://media.api-sports.io/football/players/31094.png,Attacker,495
31098,25,,"",,"","F. Ravaglia","",34,https://media.api-sports.io/football/players/31098.png,Goalkeeper,500
31099,26,,"",,"","N. Casale","",15,https://media.api-sports.io/football/players/31099.png,Defender,500
31137,31,,"",,"","S. Sabelli","",20,https://media.api-sports.io/football/players/31137.png,Defender,495
31146,24,,"",,"","S. Tonali","",8,https://media.api-sports.io/football/players/31146.png,Midfielder,34
31156,27,,"",,"","V. Milinković-Savić","",32,https://media.api-sports.io/football/players/31156.png,Goalkeeper,503
31173,25,,"",,"","D. Frattesi","",16,https://media.api-sports.io/football/players/31173.png,Midfielder,505
31182,26,,"",,"","M. Chajia","",,https://media.api-sports.io/football/players/31182.png,Midfielder,895
31219,25,,"",,"","A. Zerbin","",23,https://media.api-sports.io/football/players/31219.png,Attacker,492
31226,25,,"",,"","A. Buongiorno","",4,https://media.api-sports.io/football/players/31226.png,Defender,492
31273,25,,"",,"","T. Pobega","",18,https://media.api-sports.io/football/players/31273.png,Midfielder,500
31318,28,,"",,"","M&apos;Bala Nzola","",8,https://media.api-sports.io/football/players/31318.png,Attacker,116
31353,26,,"",,"",Bruno,"",12,https://media.api-sports.io/football/players/31353.png,Goalkeeper,517
31354,28,,"",,"","G. Vicario","",1,https://media.api-sports.io/football/players/31354.png,Goalkeeper,47
31383,29,,"",,"","S. Perilli","",34,https://media.api-sports.io/football/players/31383.png,Goalkeeper,504
31390,29,,"",,"","P. Mazzocchi","",30,https://media.api-sports.io/football/players/31390.png,Defender,492
31406,27,,"",,"","U. Sadiq","",19,https://media.api-sports.io/football/players/31406.png,Attacker,548
31445,27,,"",,"","D. Sommariva","",39,https://media.api-sports.io/football/players/31445.png,Goalkeeper,495
31493,25,,"",,"","F. Melegoni","",72,https://media.api-sports.io/football/players/31493.png,Midfielder,495
31507,25,,"",,"","R. Sottil","",7,https://media.api-sports.io/football/players/31507.png,Attacker,502
31521,26,,"",,"","A. Vogliacco","",14,https://media.api-sports.io/football/players/31521.png,Defender,495
31532,29,,"",,"","P. Ciurria","",84,https://media.api-sports.io/football/players/31532.png,Attacker,1579
31543,24,,"",,"","A. Gallo","",25,https://media.api-sports.io/football/players/31543.png,Defender,867
31554,28,,"",,"","L. Fiordilino","",16,https://media.api-sports.io/football/players/31554.png,Midfielder,517
31555,28,,"",,"","N. Haas","",32,https://media.api-sports.io/football/players/31555.png,Midfielder,511
31565,32,,"",,"","M. Grandi","",23,https://media.api-sports.io/football/players/31565.png,Goalkeeper,517
31566,23,,"",,"","S. Pizzignacco","",21,https://media.api-sports.io/football/players/31566.png,Goalkeeper,1579
31615,27,,"",,"","G. Castrovilli","",22,https://media.api-sports.io/football/players/31615.png,Midfielder,487
31624,27,,"",,"","Gabriel Strefezza","",7,https://media.api-sports.io/football/players/31624.png,Attacker,895
31631,31,,"",,"","N. Leali","",1,https://media.api-sports.io/football/players/31631.png,Goalkeeper,495
31632,30,,"",,"","A. Noppert","",44,https://media.api-sports.io/football/players/31632.png,Goalkeeper,210
31642,25,,"",,"","L. Ranieri","",6,https://media.api-sports.io/football/players/31642.png,Defender,502
31678,32,,"",,"","J. Akpa Akpro","",92,https://media.api-sports.io/football/players/31678.png,Midfielder,487
31688,25,,"",,"","André Anderson","",28,https://media.api-sports.io/football/players/31688.png,Midfielder,487
31692,34,,"",,"","M. Đurić","",11,https://media.api-sports.io/football/players/31692.png,Attacker,1579
31719,34,,"",,"","M. Vigorito","",22,https://media.api-sports.io/football/players/31719.png,Goalkeeper,895
31734,23,,"",,"","M. Felici","",97,https://media.api-sports.io/football/players/31734.png,Attacker,490
31735,29,,"",,"","T. Haye","",19,https://media.api-sports.io/football/players/31735.png,Midfielder,419
31751,26,,"",,"","G. Altare","",15,https://media.api-sports.io/football/players/31751.png,Defender,517
31871,33,,"",,"","A. Iovine","",6,https://media.api-sports.io/football/players/31871.png,Midfielder,895
32034,26,,"",,"","A. Dossena","",13,https://media.api-sports.io/football/players/32034.png,Defender,895
32172,28,,"",,"","N. Contini","",14,https://media.api-sports.io/football/players/32172.png,Goalkeeper,492
32862,23,,"",,"","T. Kubo","",14,https://media.api-sports.io/football/players/32862.png,Attacker,548
32887,24,,"",,"","Y. Sugawara","",16,https://media.api-sports.io/football/players/32887.png,Defender,41
32893,25,,"",,"","H. Ito","",21,https://media.api-sports.io/football/players/32893.png,Defender,157
32940,29,,"",,"","A. Onaiwu","",45,https://media.api-sports.io/football/players/32940.png,Attacker,108
33019,27,,"",,"","K. Miyoshi","",23,https://media.api-sports.io/football/players/33019.png,Midfielder,176
33289,27,,"",,"","Koki Ogawa","",18,https://media.api-sports.io/football/players/33289.png,Attacker,413
33321,24,,"",,"","Keito Nakamura","",17,https://media.api-sports.io/football/players/33321.png,Attacker,93
33889,24,,"",,"","K. Sano","",6,https://media.api-sports.io/football/players/33889.png,Midfielder,164
35544,26,,"",,"","J. Vásquez","",22,https://media.api-sports.io/football/players/35544.png,Defender,495
36776,29,,"",,"","T. Wellenreuther","",22,https://media.api-sports.io/football/players/36776.png,Goalkeeper,209
36779,28,,"",,"","D. Dankerlui","",2,https://media.api-sports.io/football/players/36779.png,Defender,419
36827,26,,"",,"","J. de Lange","",12,https://media.api-sports.io/football/players/36827.png,Goalkeeper,81
36828,28,,"",,"","J. Drommel","",16,https://media.api-sports.io/football/players/36828.png,Goalkeeper,197
36842,25,,"",,"","G. Roemeratoe","",24,https://media.api-sports.io/football/players/36842.png,Midfielder,417
36847,32,,"",,"","T. Boere","",,https://media.api-sports.io/football/players/36847.png,Attacker,203
36854,29,,"",,"","E. Vaessen","",1,https://media.api-sports.io/football/players/36854.png,Goalkeeper,202
36862,30,,"",,"","S. Bakari","",,https://media.api-sports.io/football/players/36862.png,Defender,426
36876,29,,"",,"","A. Tahiri","",8,https://media.api-sports.io/football/players/36876.png,Midfielder,419
36878,33,,"",,"","M. Bizot","",40,https://media.api-sports.io/football/players/36878.png,Goalkeeper,106
36881,24,,"",,"","J. Schendelaar","",1,https://media.api-sports.io/football/players/36881.png,Goalkeeper,193
36887,28,,"",,"","J. Kramer","",4,https://media.api-sports.io/football/players/36887.png,Defender,410
36888,28,,"",,"","T. Ouwejan","",5,https://media.api-sports.io/football/players/36888.png,Defender,413
36893,25,,"",,"","O. Wijndal","",5,https://media.api-sports.io/football/players/36893.png,Defender,194
36895,21,,"",,"","K. Fitz-Jim","",28,https://media.api-sports.io/football/players/36895.png,Midfielder,194
36898,26,,"",,"","M. Hoedemakers","",6,https://media.api-sports.io/football/players/36898.png,Midfielder,413
36899,26,,"",,"","T. Koopmeiners","",8,https://media.api-sports.io/football/players/36899.png,Midfielder,496
36902,26,,"",,"","T. Reijnders","",14,https://media.api-sports.io/football/players/36902.png,Midfielder,489
36905,27,,"",,"","G. Til","",20,https://media.api-sports.io/football/players/36905.png,Midfielder,197
36907,23,,"",,"","M. Boadu","",9,https://media.api-sports.io/football/players/36907.png,Attacker,176
36910,26,,"",,"","C. Stengs","",10,https://media.api-sports.io/football/players/36910.png,Midfielder,209
36913,27,,"",,"","M. Hauptmeijer","",40,https://media.api-sports.io/football/players/36913.png,Goalkeeper,193
36914,30,,"",,"","M. van der Hart","",13,https://media.api-sports.io/football/players/36914.png,Goalkeeper,210
36916,29,,"",,"","K. Ehizibue","",19,https://media.api-sports.io/football/players/36916.png,Defender,494
36922,23,,"",,"","S. van den Berg","",4,https://media.api-sports.io/football/players/36922.png,Defender,55
36925,28,,"",,"","P. Clement","",,https://media.api-sports.io/football/players/36925.png,Midfielder,426
36928,25,,"",,"","D. Genreau","",5,https://media.api-sports.io/football/players/36928.png,Midfielder,96
36931,29,,"",,"","C. Leemans","",8,https://media.api-sports.io/football/players/36931.png,Midfielder,203
36932,30,,"",,"","Y. Namli","",7,https://media.api-sports.io/football/players/36932.png,Midfielder,193
36933,24,,"",,"","E. Reijnders","",23,https://media.api-sports.io/football/players/36933.png,Midfielder,193
36937,28,,"",,"","V. van Crooij","",32,https://media.api-sports.io/football/players/36937.png,Attacker,413
36965,28,,"",,"","J. Bekkema","",23,https://media.api-sports.io/football/players/36965.png,Goalkeeper,210
36970,26,,"",,"","S. Floranus","",2,https://media.api-sports.io/football/players/36970.png,Defender,193
36980,28,,"",,"","M. Thorsby","",2,https://media.api-sports.io/football/players/36980.png,Midfielder,495
36982,27,,"",,"","M. Vlap","",18,https://media.api-sports.io/football/players/36982.png,Midfielder,415
36985,26,,"",,"","J. Hornkamp","",9,https://media.api-sports.io/football/players/36985.png,Attacker,206
36987,27,,"",,"","S. Lammers","",10,https://media.api-sports.io/football/players/36987.png,Attacker,415
36989,25,,"",,"","M. van Bergen","",7,https://media.api-sports.io/football/players/36989.png,Attacker,415
37028,28,,"",,"","F. Stokkers","",27,https://media.api-sports.io/football/players/37028.png,Attacker,410
37066,26,,"",,"","R. van Eijma","",17,https://media.api-sports.io/football/players/37066.png,Defender,417
37081,31,,"",,"","M. Engels","",8,https://media.api-sports.io/football/players/37081.png,Midfielder,206
37113,41,,"",,"","R. Pasveer","",22,https://media.api-sports.io/football/players/37113.png,Goalkeeper,194
37117,26,,"",,"","D. Doekhi","",5,https://media.api-sports.io/football/players/37117.png,Defender,182
37122,29,,"",,"","M. Bero","",19,https://media.api-sports.io/football/players/37122.png,Midfielder,176
37124,24,,"",,"","R. Margaret","",19,https://media.api-sports.io/football/players/37124.png,Attacker,417
37127,26,,"",,"","M. Ødegaard","",8,https://media.api-sports.io/football/players/37127.png,Midfielder,42
37130,24,,"",,"","T. Buitink","",29,https://media.api-sports.io/football/players/37130.png,Attacker,193
37137,26,,"",,"","J. Bijlow","",1,https://media.api-sports.io/football/players/37137.png,Goalkeeper,209
37141,38,,"",,"","K. Vermeer","",25,https://media.api-sports.io/football/players/37141.png,Goalkeeper,193
37143,24,,"",,"","L. Geertruida","",3,https://media.api-sports.io/football/players/37143.png,Defender,173
37144,31,,"",,"","R. Haps","",5,https://media.api-sports.io/football/players/37144.png,Defender,517
37145,25,,"",,"","T. Malacia","",12,https://media.api-sports.io/football/players/37145.png,Defender,33
37147,28,,"",,"","B. Nieuwkoop","",2,https://media.api-sports.io/football/players/37147.png,Defender,209
37151,27,,"",,"","C. Verdonk","",24,https://media.api-sports.io/football/players/37151.png,Defender,413
37154,33,,"",,"","J. Clasie","",8,https://media.api-sports.io/football/players/37154.png,Midfielder,201
37156,35,,"",,"","J. Toornstra","",18,https://media.api-sports.io/football/players/37156.png,Midfielder,207
37160,33,,"",,"","S. Berghuis","",23,https://media.api-sports.io/football/players/37160.png,Attacker,194
37161,25,,"",,"","L. Sinisterra","",17,https://media.api-sports.io/football/players/37161.png,Attacker,35
37163,25,,"",,"","D. Vente","",9,https://media.api-sports.io/football/players/37163.png,Attacker,193
37173,23,,"",,"","C. Mamengi","",25,https://media.api-sports.io/football/players/37173.png,Defender,419
37189,36,,"",,"","M. Kramer","",29,https://media.api-sports.io/football/players/37189.png,Attacker,417
37217,30,,"",,"","H. Jurjus","",21,https://media.api-sports.io/football/players/37217.png,Goalkeeper,202
37236,26,,"",,"","A. Matusiwa","",6,https://media.api-sports.io/football/players/37236.png,Midfielder,94
37247,31,,"",,"","M. Brouwer","",25,https://media.api-sports.io/football/players/37247.png,Goalkeeper,207
37259,29,,"",,"","D. Van den Buijs","",3,https://media.api-sports.io/football/players/37259.png,Defender,417
37273,30,,"",,"","K. Peterson","",7,https://media.api-sports.io/football/players/37273.png,Attacker,205
37274,28,,"",,"","S. van der Water","",18,https://media.api-sports.io/football/players/37274.png,Attacker,417
37302,29,,"",,"","R. Niemeijer","",10,https://media.api-sports.io/football/players/37302.png,Attacker,417
37359,31,,"",,"","M. Branderhorst","",31,https://media.api-sports.io/football/players/37359.png,Goalkeeper,205
37370,23,,"",,"","B. van Rooij","",28,https://media.api-sports.io/football/players/37370.png,Defender,415
37371,28,,"",,"","J. Bruijn","",5,https://media.api-sports.io/football/players/37371.png,Midfielder,206
37383,24,,"",,"","O. Romeny","",77,https://media.api-sports.io/football/players/37383.png,Attacker,207
37419,32,,"",,"","R. Kortsmit","",1,https://media.api-sports.io/football/players/37419.png,Goalkeeper,203
37437,26,,"",,"","A. Harroui","",18,https://media.api-sports.io/football/players/37437.png,Midfielder,504
37438,24,,"",,"","S. Mijnans","",10,https://media.api-sports.io/football/players/37438.png,Midfielder,201
37451,27,,"",,"","M. Deijl","",2,https://media.api-sports.io/football/players/37451.png,Defender,410
37453,26,,"",,"","S. Kersten","",4,https://media.api-sports.io/football/players/37453.png,Defender,210
37460,26,,"",,"","L. Brouwers","",8,https://media.api-sports.io/football/players/37460.png,Midfielder,210
37461,25,,"",,"","K. Felida","",35,https://media.api-sports.io/football/players/37461.png,Midfielder,417
37571,28,,"",,"","S. van Gassel","",1,https://media.api-sports.io/football/players/37571.png,Goalkeeper,413
37588,26,,"",,"","O. Velanas","",18,https://media.api-sports.io/football/players/37588.png,Midfielder,193
37599,24,,"",,"","J. Gorter","",12,https://media.api-sports.io/football/players/37599.png,Goalkeeper,194
37602,31,,"",,"","H. Verhulst","",12,https://media.api-sports.io/football/players/37602.png,Goalkeeper,201
37604,26,,"",,"","S. Beukema","",31,https://media.api-sports.io/football/players/37604.png,Defender,500
37609,27,,"",,"","J. Lelieveld","",2,https://media.api-sports.io/football/players/37609.png,Defender,417
37619,32,,"",,"","R. van der Venne","",23,https://media.api-sports.io/football/players/37619.png,Midfielder,417
37639,26,,"",,"","S. Van der Heyden","",4,https://media.api-sports.io/football/players/37639.png,Defender,798
37642,23,,"",,"","V. Vermeulen","",20,https://media.api-sports.io/football/players/37642.png,Defender,195
37647,24,,"",,"","K. de Rooij","",22,https://media.api-sports.io/football/players/37647.png,Attacker,193
37651,24,,"",,"","J. Idzes","",4,https://media.api-sports.io/football/players/37651.png,Defender,517
37652,29,,"",,"","B. van den Boomen","",21,https://media.api-sports.io/football/players/37652.png,Midfielder,194
37670,28,,"",,"","D. Mirani","",4,https://media.api-sports.io/football/players/37670.png,Defender,206
37682,33,,"",,"","T. Receveur","",28,https://media.api-sports.io/football/players/37682.png,Midfielder,419
37724,23,,"",,"","C. Summerville","",7,https://media.api-sports.io/football/players/37724.png,Attacker,48
37729,27,,"",,"","N. Bakker","",1,https://media.api-sports.io/football/players/37729.png,Goalkeeper,419
37735,24,,"",,"","M. Eerdhuijzen","",,https://media.api-sports.io/football/players/37735.png,Defender,426
37740,33,,"",,"","E. Schouten","",4,https://media.api-sports.io/football/players/37740.png,Defender,195
37742,27,,"",,"","G. Smal","",5,https://media.api-sports.io/football/players/37742.png,Defender,209
37749,26,,"",,"","J. Veerman","",23,https://media.api-sports.io/football/players/37749.png,Midfielder,197
37758,28,,"",,"","N. Doodeman","",7,https://media.api-sports.io/football/players/37758.png,Attacker,195
37765,34,,"",,"","L. Unnerstall","",1,https://media.api-sports.io/football/players/37765.png,Goalkeeper,415
37781,24,,"",,"","E. Linthorst","",8,https://media.api-sports.io/football/players/37781.png,Midfielder,410
37784,23,,"",,"","S. Steijn","",14,https://media.api-sports.io/football/players/37784.png,Midfielder,415
37788,28,,"",,"","P. Joosten","",17,https://media.api-sports.io/football/players/37788.png,Attacker,195
37818,29,,"",,"","N. Olij","",,https://media.api-sports.io/football/players/37818.png,Goalkeeper,426
37874,26,,"",,"","S. Horemans","",2,https://media.api-sports.io/football/players/37874.png,Defender,207
37890,27,,"",,"","J. Schouten","",22,https://media.api-sports.io/football/players/37890.png,Midfielder,197
37896,29,,"",,"","E. Ómarsson","",10,https://media.api-sports.io/football/players/37896.png,Attacker,203
37898,39,,"",,"","Bart Tinus","",,https://media.api-sports.io/football/players/37898.png,Goalkeeper,417
37923,37,,"",,"","A. Meijers","",28,https://media.api-sports.io/football/players/37923.png,Defender,417
37938,29,,"",,"","S. Becker","",11,https://media.api-sports.io/football/players/37938.png,Attacker,548
38112,26,,"",,"","J. Chabot","",24,https://media.api-sports.io/football/players/38112.png,Defender,172
38114,27,,"",,"","K. Itakura","",3,https://media.api-sports.io/football/players/38114.png,Defender,163
38122,32,,"",,"","T. Bruns","",17,https://media.api-sports.io/football/players/38122.png,Midfielder,206
38126,24,,"",,"","D. van Kaam","",26,https://media.api-sports.io/football/players/38126.png,Midfielder,206
38132,26,,"",,"","K. Sierhuis","",9,https://media.api-sports.io/football/players/38132.png,Attacker,205
38695,24,,"",,"","J. van Hecke","",29,https://media.api-sports.io/football/players/38695.png,Defender,51
38706,27,,"",,"","A. Verschueren","",,https://media.api-sports.io/football/players/38706.png,Midfielder,426
38734,24,,"",,"","S. Botman","",4,https://media.api-sports.io/football/players/38734.png,Defender,34
38735,24,,"",,"","S. Dest","",8,https://media.api-sports.io/football/players/38735.png,Defender,197
38737,25,,"",,"","B. Kemper","",4,https://media.api-sports.io/football/players/38737.png,Defender,203
38742,23,,"",,"","L. van Gelderen","",4,https://media.api-sports.io/football/players/38742.png,Defender,417
38745,23,,"",,"","E. Llansana","",21,https://media.api-sports.io/football/players/38745.png,Midfielder,410
38746,23,,"",,"","J. Timber","",12,https://media.api-sports.io/football/players/38746.png,Defender,42
38747,23,,"",,"","Q. Timber","",8,https://media.api-sports.io/football/players/38747.png,Midfielder,209
38749,22,,"",,"","K. Taylor","",8,https://media.api-sports.io/football/players/38749.png,Midfielder,194
38750,22,,"",,"","B. Brobbey","",9,https://media.api-sports.io/football/players/38750.png,Attacker,194
38752,24,,"",,"","V. Jensen","",7,https://media.api-sports.io/football/players/38752.png,Midfielder,207
38754,23,,"",,"","E. Maddy","",11,https://media.api-sports.io/football/players/38754.png,Attacker,108
38755,25,,"",,"","C. Nunnely","",7,https://media.api-sports.io/football/players/38755.png,Attacker,210
38759,31,,"",,"","L. Koopmans","",1,https://media.api-sports.io/football/players/38759.png,Goalkeeper,205
38798,25,,"",,"","S. Lynen","",14,https://media.api-sports.io/football/players/38798.png,Midfielder,162
38815,24,,"",,"","J. Jacobs","",3,https://media.api-sports.io/football/players/38815.png,Defender,419
38820,24,,"",,"","P. Koopmeiners","",6,https://media.api-sports.io/football/players/38820.png,Midfielder,201
38822,24,,"",,"","T. Oosting","",25,https://media.api-sports.io/football/players/38822.png,Midfielder,202
39071,24,,"",,"","V. Boniface","",22,https://media.api-sports.io/football/players/39071.png,Attacker,168
39091,23,,"",,"","J. Kitolano","",,https://media.api-sports.io/football/players/39091.png,Midfielder,426
39094,31,,"",,"","F. Oldrup Jensen","",20,https://media.api-sports.io/football/players/39094.png,Midfielder,203
39100,27,,"",,"","T. Lauritsen","",,https://media.api-sports.io/football/players/39100.png,Attacker,426
39115,26,,"",,"","A. Dønnum","",15,https://media.api-sports.io/football/players/39115.png,Midfielder,96
39121,26,,"",,"","C. Ejuke","",21,https://media.api-sports.io/football/players/39121.png,Attacker,536
39248,29,,"",,"","I. Wadji","",25,https://media.api-sports.io/football/players/39248.png,Attacker,1063
39271,26,,"",,"","O. Solbakken","",17,https://media.api-sports.io/football/players/39271.png,Attacker,511
39279,27,,"",,"","A. Hanche-Olsen","",25,https://media.api-sports.io/football/players/39279.png,Defender,164
39286,25,,"",,"","E. Bohinen","",8,https://media.api-sports.io/football/players/39286.png,Midfielder,495
39315,23,,"",,"","M. Knudsen","",24,https://media.api-sports.io/football/players/39315.png,Midfielder,191
39335,24,,"",,"","J. Hove","",8,https://media.api-sports.io/football/players/39335.png,Midfielder,202
39362,24,,"",,"","M. Pedersen","",16,https://media.api-sports.io/football/players/39362.png,Defender,503
40201,30,,"",,"","Iván Márquez","",4,https://media.api-sports.io/football/players/40201.png,Defender,413
40220,25,,"",,"","D. Bielica","",99,https://media.api-sports.io/football/players/40220.png,Goalkeeper,203
40224,28,,"",,"","P. Bochniewicz","",5,https://media.api-sports.io/football/players/40224.png,Defender,210
40271,30,,"",,"","T. Dähne","",21,https://media.api-sports.io/football/players/40271.png,Goalkeeper,191
40274,29,,"",,"","A. Dźwigała","",25,https://media.api-sports.io/football/players/40274.png,Defender,186
40298,28,,"",,"","O. Zawada","",9,https://media.api-sports.io/football/players/40298.png,Attacker,417
40384,25,,"",,"","R. Majecki","",1,https://media.api-sports.io/football/players/40384.png,Goalkeeper,91
40392,27,,"",,"","M. Wieteska","",23,https://media.api-sports.io/football/players/40392.png,Defender,490
40419,33,,"",,"","A. Sedlar","",4,https://media.api-sports.io/football/players/40419.png,Defender,542
40560,22,,"",,"","J. Kamiński","",16,https://media.api-sports.io/football/players/40560.png,Midfielder,161
40563,22,,"",,"","F. Marchwiński","",36,https://media.api-sports.io/football/players/40563.png,Midfielder,867
40582,24,,"",,"","S. Walukiewicz","",4,https://media.api-sports.io/football/players/40582.png,Defender,503
40592,24,,"",,"","A. Benedyczak","",7,https://media.api-sports.io/football/players/40592.png,Attacker,523
40780,25,,"",,"","K. Kostorz","",9,https://media.api-sports.io/football/players/40780.png,Attacker,203
40911,25,,"",,"","J. Moder","",15,https://media.api-sports.io/football/players/40911.png,Midfielder,51
40984,25,,"",,"","T. Puchacz","",27,https://media.api-sports.io/football/players/40984.png,Defender,191
41104,29,,"",,"","João Palhinha","",16,https://media.api-sports.io/football/players/41104.png,Midfielder,157
41144,26,,"",,"","Dodô","",2,https://media.api-sports.io/football/players/41144.png,Defender,502
41146,34,,"",,"","F. Hanin","",26,https://media.api-sports.io/football/players/41146.png,Defender,77
41150,25,,"",,"","E. Tapsoba","",12,https://media.api-sports.io/football/players/41150.png,Defender,168
41157,24,,"",,"","André Almeida","",10,https://media.api-sports.io/football/players/41157.png,Midfielder,532
41300,31,,"",,"",Jubal,"",4,https://media.api-sports.io/football/players/41300.png,Defender,108
41320,28,,"",,"","André Ferreira","",1,https://media.api-sports.io/football/players/41320.png,Goalkeeper,720
41323,29,,"",,"","Mama Baldé","",14,https://media.api-sports.io/football/players/41323.png,Attacker,106
41552,30,,"",,"","P. Ciss","",6,https://media.api-sports.io/football/players/41552.png,Midfielder,728
41577,24,,"",,"","Nuno Tavares","",30,https://media.api-sports.io/football/players/41577.png,Defender,487
41585,23,,"",,"","Gonçalo Ramos","",9,https://media.api-sports.io/football/players/41585.png,Attacker,85
41592,23,,"",,"","Úmaro Embaló","",85,https://media.api-sports.io/football/players/41592.png,Attacker,205
41606,25,,"",,"","Toti Gomes","",24,https://media.api-sports.io/football/players/41606.png,Defender,39
41621,26,,"",,"","Matheus Nunes","",27,https://media.api-sports.io/football/players/41621.png,Midfielder,50
41976,27,,"",,"","Y. Neyou","",17,https://media.api-sports.io/football/players/41976.png,Midfielder,537
42003,26,,"",,"","L. Rosier","",32,https://media.api-sports.io/football/players/42003.png,Midfielder,205
42007,24,,"",,"","Dani Silva","",21,https://media.api-sports.io/football/players/42007.png,Midfielder,504
42315,32,,"",,"","M. Taremi","",99,https://media.api-sports.io/football/players/42315.png,Attacker,505
42712,21,,"",,"","A. Borbei","",98,https://media.api-sports.io/football/players/42712.png,Goalkeeper,867
43036,26,,"",,"","D. Man","",98,https://media.api-sports.io/football/players/43036.png,Attacker,523
43056,24,,"",,"","V. Mihăilă","",28,https://media.api-sports.io/football/players/43056.png,Attacker,523
43076,30,,"",,"","B. Kuipers","",5,https://media.api-sports.io/football/players/43076.png,Defender,415
44594,25,,"",,"","Saud Abdulhamid","",12,https://media.api-sports.io/football/players/44594.png,Defender,497
44811,28,,"",,"","S. McKenna","",15,https://media.api-sports.io/football/players/44811.png,Defender,534
44814,25,,"",,"","L. Ferguson","",19,https://media.api-sports.io/football/players/44814.png,Midfielder,500
44871,22,,"",,"","A. Hickey","",2,https://media.api-sports.io/football/players/44871.png,Defender,55
44912,32,,"",,"","M. Gillespie","",29,https://media.api-sports.io/football/players/44912.png,Goalkeeper,34
45078,28,,"",,"","R. Stewart","",11,https://media.api-sports.io/football/players/45078.png,Attacker,41
45826,23,,"",,"","S. Pavlović","",31,https://media.api-sports.io/football/players/45826.png,Defender,489
45892,24,,"",,"","A. Ilić","",23,https://media.api-sports.io/football/players/45892.png,Attacker,182
46170,23,,"",,"","I. Ilić","",8,https://media.api-sports.io/football/players/46170.png,Midfielder,503
46646,31,,"",,"","Sergio Herrera","",1,https://media.api-sports.io/football/players/46646.png,Goalkeeper,727
46652,32,,"",,"","Unai García","",4,https://media.api-sports.io/football/players/46652.png,Defender,727
46654,35,,"",,"",Aridane,"",5,https://media.api-sports.io/football/players/46654.png,Defender,728
46657,29,,"",,"","Nacho Vidal","",2,https://media.api-sports.io/football/players/46657.png,Defender,727
46658,31,,"",,"","Rubén García","",14,https://media.api-sports.io/football/players/46658.png,Midfielder,727
46660,25,,"",,"","Javi Martínez","",21,https://media.api-sports.io/football/players/46660.png,Midfielder,727
46662,26,,"",,"",Moncayola,"",7,https://media.api-sports.io/football/players/46662.png,Midfielder,727
46667,27,,"",,"","Kike Barja","",11,https://media.api-sports.io/football/players/46667.png,Attacker,727
46672,30,,"",,"","Rui Silva","",1,https://media.api-sports.io/football/players/46672.png,Goalkeeper,543
46709,28,,"",,"","Álvaro Tejero","",12,https://media.api-sports.io/football/players/46709.png,Defender,540
46731,26,,"",,"","P. Estupiñán","",30,https://media.api-sports.io/football/players/46731.png,Defender,51
46733,33,,"",,"","Raíllo","",21,https://media.api-sports.io/football/players/46733.png,Defender,798
46738,29,,"",,"","M. Valjent","",24,https://media.api-sports.io/football/players/46738.png,Defender,798
46740,31,,"",,"",Stoichkov,"",19,https://media.api-sports.io/football/players/46740.png,Attacker,542
46742,36,,"",,"","Dani Rodríguez","",14,https://media.api-sports.io/football/players/46742.png,Midfielder,798
46746,33,,"",,"","A. Budimir","",17,https://media.api-sports.io/football/players/46746.png,Attacker,727
46751,32,,"",,"","Abdón Prats","",9,https://media.api-sports.io/football/players/46751.png,Attacker,798
46759,32,,"",,"","A. Espino","",22,https://media.api-sports.io/football/players/46759.png,Defender,728
46764,30,,"",,"","Brian Oliván","",14,https://media.api-sports.io/football/players/46764.png,Defender,540
46775,33,,"",,"",Salvi,"",19,https://media.api-sports.io/football/players/46775.png,Midfielder,540
46792,31,,"",,"","Pablo Marí","",22,https://media.api-sports.io/football/players/46792.png,Defender,1579
46795,29,,"",,"","Domingos Duarte","",22,https://media.api-sports.io/football/players/46795.png,Defender,546
46799,28,,"",,"","Edu Expósito","",8,https://media.api-sports.io/football/players/46799.png,Midfielder,540
46803,26,,"",,"","Joni Montiel","",25,https://media.api-sports.io/football/players/46803.png,Midfielder,728
46813,25,,"",,"","A. Abqar","",5,https://media.api-sports.io/football/players/46813.png,Defender,542
46815,27,,"",,"","Pau Torres","",14,https://media.api-sports.io/football/players/46815.png,Defender,66
46849,26,,"",,"","Javi Hernández","",20,https://media.api-sports.io/football/players/46849.png,Defender,537
46854,27,,"",,"","Viti Rozada","",18,https://media.api-sports.io/football/players/46854.png,Midfielder,534
46860,29,,"",,"","Javi Muñoz","",5,https://media.api-sports.io/football/players/46860.png,Midfielder,534
46887,26,,"",,"","Pedro Díaz","",4,https://media.api-sports.io/football/players/46887.png,Midfielder,728
46919,32,,"",,"","César de la Hoz","",16,https://media.api-sports.io/football/players/46919.png,Midfielder,720
46930,26,,"",,"","E. Demirović","",9,https://media.api-sports.io/football/players/46930.png,Attacker,172
46933,31,,"",,"","Luis Rioja","",22,https://media.api-sports.io/football/players/46933.png,Attacker,532
46967,32,,"",,"","Juan Cruz","",3,https://media.api-sports.io/football/players/46967.png,Defender,727
46979,32,,"",,"","Iván Sánchez","",10,https://media.api-sports.io/football/players/46979.png,Midfielder,720
46988,26,,"",,"","Josep Martínez","",13,https://media.api-sports.io/football/players/46988.png,Goalkeeper,505
46990,27,,"",,"","Álvaro Vallés","",25,https://media.api-sports.io/football/players/46990.png,Goalkeeper,534
47004,27,,"",,"","Fabio González","",6,https://media.api-sports.io/football/players/47004.png,Midfielder,534
47007,31,,"",,"","Ruíz de Galarreta","",16,https://media.api-sports.io/football/players/47007.png,Midfielder,531
47013,27,,"",,"","Rafa Mir","",11,https://media.api-sports.io/football/players/47013.png,Attacker,532
47016,26,,"",,"","Álvaro Fernández","",1,https://media.api-sports.io/football/players/47016.png,Goalkeeper,536
47052,30,,"",,"","Álex Muñoz","",23,https://media.api-sports.io/football/players/47052.png,Defender,534
47078,29,,"",,"","Luis Pérez","",2,https://media.api-sports.io/football/players/47078.png,Defender,720
47080,28,,"",,"","Jorge Sáenz","",3,https://media.api-sports.io/football/players/47080.png,Defender,537
47085,30,,"",,"","Luis Milla","",5,https://media.api-sports.io/football/players/47085.png,Midfielder,546
47109,30,,"",,"","Óscar Valentín","",23,https://media.api-sports.io/football/players/47109.png,Midfielder,728
47111,29,,"",,"","Benito Ramírez","",11,https://media.api-sports.io/football/players/47111.png,Midfielder,534
47119,28,,"",,"","Aitor Ruibal","",24,https://media.api-sports.io/football/players/47119.png,Defender,543
47153,36,,"",,"","Juan Carlos","",1,https://media.api-sports.io/football/players/47153.png,Goalkeeper,547
47181,27,,"",,"","Toni Martínez","",11,https://media.api-sports.io/football/players/47181.png,Attacker,542
47182,28,,"",,"","Tete Morente","",7,https://media.api-sports.io/football/players/47182.png,Attacker,867
47195,28,,"",,"","Álvaro Aguado","",18,https://media.api-sports.io/football/players/47195.png,Midfielder,540
47200,27,,"",,"","Àlex Carbonell","",6,https://media.api-sports.io/football/players/47200.png,Midfielder,419
47246,34,,"",,"","L. Chichizola","",1,https://media.api-sports.io/football/players/47246.png,Goalkeeper,523
47247,31,,"",,"","David Soria","",13,https://media.api-sports.io/football/players/47247.png,Goalkeeper,546
47249,33,,"",,"","L. Cabrera","",6,https://media.api-sports.io/football/players/47249.png,Defender,540
47250,33,,"",,"","D. Dakonam","",2,https://media.api-sports.io/football/players/47250.png,Defender,546
47251,31,,"",,"","D. Foulquier","",20,https://media.api-sports.io/football/players/47251.png,Defender,532
47254,27,,"",,"","M. Olivera","",17,https://media.api-sports.io/football/players/47254.png,Defender,492
47258,29,,"",,"","M. Arambarri","",8,https://media.api-sports.io/football/players/47258.png,Midfielder,546
47264,25,,"",,"","Hugo Duro","",9,https://media.api-sports.io/football/players/47264.png,Attacker,532
47269,29,,"",,"","Álex Remiro","",1,https://media.api-sports.io/football/players/47269.png,Goalkeeper,548
47270,27,,"",,"","Unai Simón","",1,https://media.api-sports.io/football/players/47270.png,Goalkeeper,531
47271,29,,"",,"",Yeray,"",5,https://media.api-sports.io/football/players/47271.png,Defender,531
47273,34,,"",,"",Yuri,"",17,https://media.api-sports.io/football/players/47273.png,Defender,531
47275,35,,"",,"","De Marcos","",18,https://media.api-sports.io/football/players/47275.png,Defender,531
47276,31,,"",,"",Lekue,"",15,https://media.api-sports.io/football/players/47276.png,Defender,531
47277,27,,"",,"","Unai Núñez","",14,https://media.api-sports.io/football/players/47277.png,Defender,531
47278,25,,"",,"","Dani Vivian","",3,https://media.api-sports.io/football/players/47278.png,Defender,531
47285,29,,"",,"","Unai López","",17,https://media.api-sports.io/football/players/47285.png,Midfielder,728
47291,28,,"",,"","Gorka Guruzeta","",12,https://media.api-sports.io/football/players/47291.png,Attacker,531
47294,30,,"",,"","I. Williams","",9,https://media.api-sports.io/football/players/47294.png,Attacker,531
47296,32,,"",,"","G. Rulli","",1,https://media.api-sports.io/football/players/47296.png,Goalkeeper,81
47298,30,,"",,"",Elustondo,"",6,https://media.api-sports.io/football/players/47298.png,Defender,548
47299,28,,"",,"",Gorosabel,"",2,https://media.api-sports.io/football/players/47299.png,Defender,531
47300,27,,"",,"","T. Hernández","",19,https://media.api-sports.io/football/players/47300.png,Defender,489
47301,28,,"",,"","Robin Le Normand","",24,https://media.api-sports.io/football/players/47301.png,Defender,530
47302,31,,"",,"","Diego Llorente","",3,https://media.api-sports.io/football/players/47302.png,Defender,543
47303,27,,"",,"","Aihen Muñoz","",3,https://media.api-sports.io/football/players/47303.png,Defender,548
47306,25,,"",,"","Álex Sola","",7,https://media.api-sports.io/football/players/47306.png,Defender,546
47309,27,,"",,"",Guevara,"",6,https://media.api-sports.io/football/players/47309.png,Midfielder,542
47311,28,,"",,"","Mikel Merino","",23,https://media.api-sports.io/football/players/47311.png,Midfielder,42
47314,27,,"",,"",Zubeldia,"",5,https://media.api-sports.io/football/players/47314.png,Defender,548
47315,25,,"",,"","Martín Zubimendi","",4,https://media.api-sports.io/football/players/47315.png,Midfielder,548
47317,23,,"",,"",Barrenetxea,"",7,https://media.api-sports.io/football/players/47317.png,Attacker,548
47320,31,,"",,"",Juanmi,"",7,https://media.api-sports.io/football/players/47320.png,Attacker,543
47321,24,,"",,"","Roberto López","",21,https://media.api-sports.io/football/players/47321.png,Midfielder,537
47323,27,,"",,"","Mikel Oyarzabal","",10,https://media.api-sports.io/football/players/47323.png,Attacker,548
47324,29,,"",,"","Sandro Ramírez","",19,https://media.api-sports.io/football/players/47324.png,Attacker,534
47329,26,,"",,"","Adrià Pedrosa","",3,https://media.api-sports.io/football/players/47329.png,Defender,536
47334,35,,"",,"","David López","",5,https://media.api-sports.io/football/players/47334.png,Defender,547
47336,31,,"",,"",Darder,"",10,https://media.api-sports.io/football/players/47336.png,Midfielder,798
47341,28,,"",,"","Marc Roca","",21,https://media.api-sports.io/football/players/47341.png,Midfielder,543
47348,31,,"",,"","Borja Iglesias","",7,https://media.api-sports.io/football/players/47348.png,Attacker,538
47349,26,,"",,"","Javi Puado","",7,https://media.api-sports.io/football/players/47349.png,Attacker,540
47351,26,,"",,"","Álex Domínguez","",30,https://media.api-sports.io/football/players/47351.png,Goalkeeper,96
47352,32,,"",,"","Fernando Pacheco","",13,https://media.api-sports.io/football/players/47352.png,Goalkeeper,540
47353,28,,"",,"",Sivera,"",1,https://media.api-sports.io/football/players/47353.png,Goalkeeper,542
47361,32,,"",,"","D. Brašanac","",14,https://media.api-sports.io/football/players/47361.png,Midfielder,537
47380,26,,"",,"","Marc Cucurella","",3,https://media.api-sports.io/football/players/47380.png,Defender,49
47389,30,,"",,"","Joan Jordán","",24,https://media.api-sports.io/football/players/47389.png,Midfielder,542
47391,33,,"",,"","Rubén Peña","",15,https://media.api-sports.io/football/players/47391.png,Defender,727
47393,29,,"",,"","Marc Cardona","",9,https://media.api-sports.io/football/players/47393.png,Attacker,534
47396,35,,"",,"","Kike García","",17,https://media.api-sports.io/football/players/47396.png,Attacker,542
47398,32,,"",,"","Pere Milla","",11,https://media.api-sports.io/football/players/47398.png,Midfielder,540
47399,40,,"",,"","Iván Cuéllar","",25,https://media.api-sports.io/football/players/47399.png,Goalkeeper,798
47400,25,,"",,"","A. Lunin","",13,https://media.api-sports.io/football/players/47400.png,Goalkeeper,541
47407,36,,"",,"","A. Nyom","",12,https://media.api-sports.io/football/players/47407.png,Defender,546
47414,30,,"",,"",Gumbau,"",15,https://media.api-sports.io/football/players/47414.png,Midfielder,728
47416,26,,"",,"","Óscar Rodríguez","",7,https://media.api-sports.io/football/players/47416.png,Midfielder,537
47418,31,,"",,"","Mikel Vesga","",6,https://media.api-sports.io/football/players/47418.png,Midfielder,531
47419,29,,"",,"","José Arnáiz","",20,https://media.api-sports.io/football/players/47419.png,Attacker,727
47426,29,,"",,"","Rubén Blanco","",36,https://media.api-sports.io/football/players/47426.png,Goalkeeper,81
47427,27,,"",,"","Iván Villar","",1,https://media.api-sports.io/football/players/47427.png,Goalkeeper,538
47435,25,,"",,"","Fran Beltrán","",8,https://media.api-sports.io/football/players/47435.png,Midfielder,538
47438,28,,"",,"","M. Jensen","",8,https://media.api-sports.io/football/players/47438.png,Midfielder,55
47439,30,,"",,"","S. Lobotka","",68,https://media.api-sports.io/football/players/47439.png,Midfielder,492
47440,27,,"",,"","Brais Méndez","",23,https://media.api-sports.io/football/players/47440.png,Midfielder,548
47445,37,,"",,"","Iago Aspas","",10,https://media.api-sports.io/football/players/47445.png,Attacker,538
47448,33,,"",,"","Aitor Fernández","",13,https://media.api-sports.io/football/players/47448.png,Goalkeeper,727
47463,26,,"",,"",Pepelu,"",18,https://media.api-sports.io/football/players/47463.png,Midfielder,532
47464,31,,"",,"","Campaña","",8,https://media.api-sports.io/football/players/47464.png,Midfielder,534
47472,27,,"",,"","Borja Mayoral","",9,https://media.api-sports.io/football/players/47472.png,Attacker,546
47478,29,,"",,"","Fernando Calero","",5,https://media.api-sports.io/football/players/47478.png,Defender,540
47480,25,,"",,"","M. Salisu","",22,https://media.api-sports.io/football/players/47480.png,Defender,91
47494,25,,"",,"","Miguel de la Fuente","",9,https://media.api-sports.io/football/players/47494.png,Attacker,537
47495,33,,"",,"","Sergi Guardiola","",12,https://media.api-sports.io/football/players/47495.png,Attacker,728
47499,27,,"",,"","E. Ünal","",26,https://media.api-sports.io/football/players/47499.png,Attacker,35
47511,33,,"",,"",Juanpe,"",15,https://media.api-sports.io/football/players/47511.png,Defender,547
47514,25,,"",,"",Valery,"",16,https://media.api-sports.io/football/players/47514.png,Defender,798
47516,27,,"",,"","Aleix García","",24,https://media.api-sports.io/football/players/47516.png,Midfielder,168
47519,25,,"",,"","Pedro Porro","",23,https://media.api-sports.io/football/players/47519.png,Defender,47
47520,32,,"",,"",Portu,"",24,https://media.api-sports.io/football/players/47520.png,Attacker,547
47522,26,,"",,"","Douglas Luiz","",26,https://media.api-sports.io/football/players/47522.png,Midfielder,496
47527,31,,"",,"","S. Dimitrievski","",13,https://media.api-sports.io/football/players/47527.png,Goalkeeper,532
47530,27,,"",,"","Sergio Akieme","",18,https://media.api-sports.io/football/players/47530.png,Defender,93
47533,30,,"",,"",Catena,"",24,https://media.api-sports.io/football/players/47533.png,Defender,727
47541,28,,"",,"","Santi Comesaña","",14,https://media.api-sports.io/football/players/47541.png,Midfielder,533
47543,32,,"",,"","Álvaro García","",18,https://media.api-sports.io/football/players/47543.png,Midfielder,728
47547,31,,"",,"","Álex Moreno","",19,https://media.api-sports.io/football/players/47547.png,Defender,65
47551,30,,"",,"","Raúl de Tomás","",9,https://media.api-sports.io/football/players/47551.png,Attacker,728
47554,32,,"",,"","Adri Embarba","",21,https://media.api-sports.io/football/players/47554.png,Attacker,728
47557,36,,"",,"","Ó. Trejo","",8,https://media.api-sports.io/football/players/47557.png,Midfielder,728
47566,30,,"",,"","Javi Galán","",21,https://media.api-sports.io/football/players/47566.png,Defender,530
47574,30,,"",,"","Moi Gómez","",16,https://media.api-sports.io/football/players/47574.png,Midfielder,727
47579,30,,"",,"","E. Ávila","",9,https://media.api-sports.io/football/players/47579.png,Attacker,543
47696,26,,"",,"","A. Bernhardsson","",11,https://media.api-sports.io/football/players/47696.png,Attacker,191
47814,25,,"",,"","N. Vesterlund","",23,https://media.api-sports.io/football/players/47814.png,Defender,207
47965,23,,"",,"","E. Ahlstrand","",20,https://media.api-sports.io/football/players/47965.png,Midfielder,186
47969,25,,"",,"","G. Gudmundsson","",5,https://media.api-sports.io/football/players/47969.png,Defender,79
47985,24,,"",,"","E. Holm","",2,https://media.api-sports.io/football/players/47985.png,Defender,500
47988,29,,"",,"","C. Starfelt","",2,https://media.api-sports.io/football/players/47988.png,Defender,538
48047,29,,"",,"","J. Karlström","",25,https://media.api-sports.io/football/players/48047.png,Midfielder,494
48074,27,,"",,"","S. Olsson","",19,https://media.api-sports.io/football/players/48074.png,Midfielder,210
48079,26,,"",,"","J. Karlsson","",10,https://media.api-sports.io/football/players/48079.png,Attacker,500
48119,23,,"",,"","O. Kossounou","",3,https://media.api-sports.io/football/players/48119.png,Defender,499
48142,31,,"",,"","K. Mets","",3,https://media.api-sports.io/football/players/48142.png,Defender,186
48193,25,,"",,"","P. Almqvist","",11,https://media.api-sports.io/football/players/48193.png,Attacker,523
48197,30,,"",,"","A. Jakobsen","",11,https://media.api-sports.io/football/players/48197.png,Midfielder,417
48333,27,,"",,"","A. Nalić","",16,https://media.api-sports.io/football/players/48333.png,Midfielder,419
48345,30,,"",,"","C. Johansson","",5,https://media.api-sports.io/football/players/48345.png,Defender,191
48372,26,,"",,"","E. Cömert","",15,https://media.api-sports.io/football/players/48372.png,Defender,720
48378,31,,"",,"","S. Widmer","",30,https://media.api-sports.io/football/players/48378.png,Defender,164
48389,24,,"",,"","N. Okafor","",17,https://media.api-sports.io/football/players/48389.png,Attacker,489
48390,35,,"",,"","R. van Wolfswinkel","",9,https://media.api-sports.io/football/players/48390.png,Attacker,415
48392,25,,"",,"","E. Zhegrova","",23,https://media.api-sports.io/football/players/48392.png,Midfielder,79
48406,29,,"",,"","D. Črnigoj","",22,https://media.api-sports.io/football/players/48406.png,Midfielder,517
48456,29,,"",,"","M. Schulz","",15,https://media.api-sports.io/football/players/48456.png,Midfielder,191
48471,26,,"",,"","R. Vargas","",16,https://media.api-sports.io/football/players/48471.png,Midfielder,170
48481,22,,"",,"","L. Stergiou","",20,https://media.api-sports.io/football/players/48481.png,Defender,172
48491,29,,"",,"","V. Sierro","",8,https://media.api-sports.io/football/players/48491.png,Midfielder,96
48574,26,,"",,"","C. Zesiger","",5,https://media.api-sports.io/football/players/48574.png,Defender,161
48629,27,,"",,"","N. Loosli","",41,https://media.api-sports.io/football/players/48629.png,Defender,176
48636,24,,"",,"","G. Barès","",15,https://media.api-sports.io/football/players/48636.png,Midfielder,82
48648,24,,"",,"","D. Ndoye","",11,https://media.api-sports.io/football/players/48648.png,Attacker,500
49583,31,,"",,"","A. Abdi","",2,https://media.api-sports.io/football/players/49583.png,Defender,84
50048,30,,"",,"","V. Muriqi","",7,https://media.api-sports.io/football/players/50048.png,Attacker,798
50054,28,,"",,"","S. Scuffet","",22,https://media.api-sports.io/football/players/50054.png,Goalkeeper,490
50104,22,,"",,"","D. Alemdar","",80,https://media.api-sports.io/football/players/50104.png,Goalkeeper,94
50132,26,,"",,"","A. Bayındır","",1,https://media.api-sports.io/football/players/50132.png,Goalkeeper,33
50735,25,,"",,"","M. McKenzie","",3,https://media.api-sports.io/football/players/50735.png,Defender,96
50742,25,,"",,"","A. Fontana","",17,https://media.api-sports.io/football/players/50742.png,Midfielder,193
50745,31,,"",,"","Jamiro Monteiro","",35,https://media.api-sports.io/football/players/50745.png,Midfielder,193
50852,22,,"",,"","J. Scally","",29,https://media.api-sports.io/football/players/50852.png,Defender,163
50856,26,,"",,"","V. Castellanos","",11,https://media.api-sports.io/football/players/50856.png,Attacker,487
50956,24,,"",,"","C. Cásseres","",23,https://media.api-sports.io/football/players/50956.png,Midfielder,96
50974,37,,"",,"","P. Tytoń","",22,https://media.api-sports.io/football/players/50974.png,Goalkeeper,415
50999,30,,"",,"","M. Turner","",30,https://media.api-sports.io/football/players/50999.png,Goalkeeper,52
51016,25,,"",,"","T. Buchanan","",17,https://media.api-sports.io/football/players/51016.png,Midfielder,505
51051,23,,"",,"","J. Araujo","",22,https://media.api-sports.io/football/players/51051.png,Defender,35
51104,34,,"",,"","K. Leerdam","",18,https://media.api-sports.io/football/players/51104.png,Defender,206
51146,36,,"",,"","V. Mannone","",1,https://media.api-sports.io/football/players/51146.png,Goalkeeper,79
51241,26,,"",,"","T. Conechny","",10,https://media.api-sports.io/football/players/51241.png,Attacker,542
51266,22,,"",,"","G. Busio","",6,https://media.api-sports.io/football/players/51266.png,Midfielder,517
51293,25,,"",,"","T. Bair","",9,https://media.api-sports.io/football/players/51293.png,Attacker,108
51295,27,,"",,"","D. Cornelius","",13,https://media.api-sports.io/football/players/51295.png,Defender,81
51494,23,,"",,"","M. Ugarte","",25,https://media.api-sports.io/football/players/51494.png,Midfielder,33
51617,25,,"",,"","D. Núñez","",9,https://media.api-sports.io/football/players/51617.png,Attacker,40
53535,29,,"",,"","E. Shomurodov","",14,https://media.api-sports.io/football/players/53535.png,Attacker,497
55882,27,,"",,"","E. Mahmutović","",15,https://media.api-sports.io/football/players/55882.png,Defender,203
56161,25,,"",,"","M. Sala","",3,https://media.api-sports.io/football/players/56161.png,Defender,895
56207,30,,"",,"","Paulo Azzi","",37,https://media.api-sports.io/football/players/56207.png,Defender,490
56283,24,,"",,"","Lucas Rosa","",22,https://media.api-sports.io/football/players/56283.png,Defender,720
56396,33,,"",,"","Junior Messias","",10,https://media.api-sports.io/football/players/56396.png,Attacker,495
56459,29,,"",,"","W. Falcone","",30,https://media.api-sports.io/football/players/56459.png,Goalkeeper,867
56473,25,,"",,"","M. Gabbia","",46,https://media.api-sports.io/football/players/56473.png,Defender,489
56560,26,,"",,"","Y. Maleh","",93,https://media.api-sports.io/football/players/56560.png,Midfielder,511
56851,26,,"",,"","M. Folorunsho","",90,https://media.api-sports.io/football/players/56851.png,Midfielder,492
57443,22,,"",,"","S. Mannsverk","",16,https://media.api-sports.io/football/players/57443.png,Midfielder,194
57446,24,,"",,"","A. Adams","",8,https://media.api-sports.io/football/players/57446.png,Attacker,82
59421,25,,"",,"","D. Mosquera","",35,https://media.api-sports.io/football/players/59421.png,Attacker,504
61142,27,,"",,"","D. Greif","",1,https://media.api-sports.io/football/players/61142.png,Goalkeeper,798
61411,26,,"",,"","E. Mašović","",4,https://media.api-sports.io/football/players/61411.png,Midfielder,176
61431,24,,"",,"","J. Kiwior","",15,https://media.api-sports.io/football/players/61431.png,Defender,42
61489,25,,"",,"","R. Sigurgeirsson","",5,https://media.api-sports.io/football/players/61489.png,Defender,195
61742,23,,"",,"","H. Valdimarsson","",12,https://media.api-sports.io/football/players/61742.png,Goalkeeper,55
61774,20,,"",,"","O. Óskarsson","",9,https://media.api-sports.io/football/players/61774.png,Attacker,548
63577,23,,"",,"","M. Mudryk","",10,https://media.api-sports.io/football/players/63577.png,Midfielder,49
63934,22,,"",,"","A. Furlanetto","",55,https://media.api-sports.io/football/players/63934.png,Goalkeeper,487
64190,24,,"",,"","Y. Fofana","",30,https://media.api-sports.io/football/players/64190.png,Goalkeeper,77
64255,29,,"",,"","G. Lloris","",4,https://media.api-sports.io/football/players/64255.png,Defender,111
64256,24,,"",,"","A. Pelmard","",2,https://media.api-sports.io/football/players/64256.png,Defender,867
64268,32,,"",,"","J. Mojica","",22,https://media.api-sports.io/football/players/64268.png,Defender,798
64309,24,,"",,"","Manu Sánchez","",3,https://media.api-sports.io/football/players/64309.png,Defender,542
66019,22,,"",,"","A. Hložek","",23,https://media.api-sports.io/football/players/66019.png,Attacker,167
66044,29,,"",,"","M. Koscelník","",3,https://media.api-sports.io/football/players/66044.png,Defender,203
66098,26,,"",,"","D. Janošek","",39,https://media.api-sports.io/football/players/66098.png,Attacker,203
66407,25,,"",,"","L. Krejčí","",18,https://media.api-sports.io/football/players/66407.png,Defender,547
66491,25,,"",,"","J. Letáček","",1,https://media.api-sports.io/football/players/66491.png,Goalkeeper,546
66817,24,,"",,"","N. Krstović","",9,https://media.api-sports.io/football/players/66817.png,Attacker,867
67889,21,,"",,"","H. Haraldsson","",7,https://media.api-sports.io/football/players/67889.png,Midfielder,79
67939,23,,"",,"","Aimar Oroz","",10,https://media.api-sports.io/football/players/67939.png,Midfielder,727
67940,24,,"",,"","José Gragera","",15,https://media.api-sports.io/football/players/67940.png,Midfielder,540
67943,23,,"",,"",Morato,"",4,https://media.api-sports.io/football/players/67943.png,Defender,65
67955,26,,"",,"","Carles Pérez","",17,https://media.api-sports.io/football/players/67955.png,Attacker,546
67971,24,,"",,"","M. Guéhi","",6,https://media.api-sports.io/football/players/67971.png,Defender,52
67972,24,,"",,"","C. Gallagher","",4,https://media.api-sports.io/football/players/67972.png,Midfielder,530
68466,24,,"",,"","A. Irving","",39,https://media.api-sports.io/football/players/68466.png,Midfielder,48
68483,22,,"",,"","B. Yıldırım","",10,https://media.api-sports.io/football/players/68483.png,Attacker,546
69971,25,,"",,"","T. Moffi","",9,https://media.api-sports.io/football/players/69971.png,Attacker,84
70100,23,,"",,"","J. Zirkzee","",11,https://media.api-sports.io/football/players/70100.png,Attacker,33
70315,28,,"",,"","Kirian Rodríguez","",20,https://media.api-sports.io/football/players/70315.png,Midfielder,534
70476,24,,"",,"","M. Diarra","",22,https://media.api-sports.io/football/players/70476.png,Defender,542
70500,25,,"",,"","Sergi Cardona","",23,https://media.api-sports.io/football/players/70500.png,Defender,533
70514,22,,"",,"","A. Gigović","",37,https://media.api-sports.io/football/players/70514.png,Midfielder,191
70747,20,,"",,"","J. Enciso","",10,https://media.api-sports.io/football/players/70747.png,Midfielder,51
71545,27,,"",,"","J. Okumu","",2,https://media.api-sports.io/football/players/71545.png,Defender,93
72048,24,,"",,"","C. Özkacar","",6,https://media.api-sports.io/football/players/72048.png,Defender,720
72155,26,,"",,"","A. Ueda","",9,https://media.api-sports.io/football/players/72155.png,Attacker,209
72388,25,,"",,"","G. Charpentier","",9,https://media.api-sports.io/football/players/72388.png,Attacker,523
73868,21,,"",,"","R. Pepi","",14,https://media.api-sports.io/football/players/73868.png,Attacker,197
76904,25,,"",,"","H. Šabanović","",,https://media.api-sports.io/football/players/76904.png,Defender,77
80219,26,,"",,"","J. Medić","",13,https://media.api-sports.io/football/players/80219.png,Defender,176
80296,27,,"",,"","Lucas Perri","",23,https://media.api-sports.io/football/players/80296.png,Goalkeeper,80
80434,24,,"",,"","T. Čvančara","",31,https://media.api-sports.io/football/players/80434.png,Attacker,163
80752,23,,"",,"","T. Tessmann","",15,https://media.api-sports.io/football/players/80752.png,Midfielder,80
81012,26,,"",,"","D. Vásquez","",23,https://media.api-sports.io/football/players/81012.png,Goalkeeper,511
81573,25,,"",,"","Omar Marmoush","",7,https://media.api-sports.io/football/players/81573.png,Attacker,169
82855,29,,"",,"","T. King","",40,https://media.api-sports.io/football/players/82855.png,Goalkeeper,39
84082,26,,"",,"","R. Faivre","",21,https://media.api-sports.io/football/players/84082.png,Midfielder,106
84086,22,,"",,"","Robert Navarro","",27,https://media.api-sports.io/football/players/84086.png,Midfielder,798
84128,23,,"",,"","Y. Gboho","",10,https://media.api-sports.io/football/players/84128.png,Attacker,96
85041,24,,"",,"","A. Gouiri","",10,https://media.api-sports.io/football/players/85041.png,Attacker,94
85914,27,,"",,"","J. Le Cardinal","",25,https://media.api-sports.io/football/players/85914.png,Defender,106
87381,34,,"",,"","R. Adiceam","",37,https://media.api-sports.io/football/players/87381.png,Goalkeeper,108
89520,22,,"",,"","M. Ellertsson","",77,https://media.api-sports.io/football/players/89520.png,Midfielder,517
90590,22,,"",,"","G. Rutter","",14,https://media.api-sports.io/football/players/90590.png,Attacker,51
90594,24,,"",,"","J. Dina Ebimbe","",26,https://media.api-sports.io/football/players/90594.png,Midfielder,169
90617,25,,"",,"","L. Sinayoko","",17,https://media.api-sports.io/football/players/90617.png,Attacker,108
90695,27,,"",,"","A. Condé","",6,https://media.api-sports.io/football/players/90695.png,Midfielder,210
90731,26,,"",,"","L. Ritzka","",21,https://media.api-sports.io/football/players/90731.png,Defender,186
90829,33,,"",,"","D. Batz","",33,https://media.api-sports.io/football/players/90829.png,Goalkeeper,164
90957,27,,"",,"","M. Rente","",5,https://media.api-sports.io/football/players/90957.png,Defender,202
90977,27,,"",,"","T. Becker","",17,https://media.api-sports.io/football/players/90977.png,Defender,191
91358,26,,"",,"","E. Valeri","",14,https://media.api-sports.io/football/players/91358.png,Defender,523
91422,24,,"",,"","R. Bellanova","",16,https://media.api-sports.io/football/players/91422.png,Defender,499
91424,22,,"",,"","D. Camara","",23,https://media.api-sports.io/football/players/91424.png,Midfielder,523
91488,31,,"",,"","R. Di Gennaro","",12,https://media.api-sports.io/football/players/91488.png,Goalkeeper,505
92974,24,,"",,"","T. St. Jago","",33,https://media.api-sports.io/football/players/92974.png,Defender,195
92975,24,,"",,"","F. de Keijzer","",1,https://media.api-sports.io/football/players/92975.png,Goalkeeper,206
92987,28,,"",,"","J. Houwen","",1,https://media.api-sports.io/football/players/92987.png,Goalkeeper,417
92993,25,,"",,"","M. Wieffer","",27,https://media.api-sports.io/football/players/92993.png,Midfielder,51
93006,23,,"",,"","D. van der Kust","",,https://media.api-sports.io/football/players/93006.png,Defender,426
93007,25,,"",,"","D. Min","",9,https://media.api-sports.io/football/players/93007.png,Attacker,207
93016,24,,"",,"","T. Dallinga","",24,https://media.api-sports.io/football/players/93016.png,Attacker,500
93060,33,,"",,"","M. Peersman","",43,https://media.api-sports.io/football/players/93060.png,Defender,202
93064,26,,"",,"","M. de Wit","",34,https://media.api-sports.io/football/players/93064.png,Defender,201
93671,27,,"",,"","Pedro Chirivella","",5,https://media.api-sports.io/football/players/93671.png,Midfielder,83
94562,23,,"",,"","S. Giménez","",29,https://media.api-sports.io/football/players/94562.png,Attacker,209
99576,23,,"",,"","O. Sahraoui","",11,https://media.api-sports.io/football/players/99576.png,Attacker,79
101814,25,,"",,"","R. Araújo","",4,https://media.api-sports.io/football/players/101814.png,Defender,529
102447,24,,"",,"","F. Moumbagna","",14,https://media.api-sports.io/football/players/102447.png,Attacker,81
102851,24,,"",,"","R. Ledezma","",37,https://media.api-sports.io/football/players/102851.png,Defender,197
104793,28,,"",,"","A. Ndiaye","",19,https://media.api-sports.io/football/players/104793.png,Attacker,720
104821,29,,"",,"","Jon Guridi","",18,https://media.api-sports.io/football/players/104821.png,Midfielder,542
104853,27,,"",,"","Asier Villalibre","",9,https://media.api-sports.io/football/players/104853.png,Attacker,542
105971,22,,"",,"","G. Bazunu","",31,https://media.api-sports.io/football/players/105971.png,Goalkeeper,41
106257,30,,"",,"","A. Gabrielloni","",9,https://media.api-sports.io/football/players/106257.png,Attacker,895
106725,23,,"",,"","K. Lewis-Potter","",23,https://media.api-sports.io/football/players/106725.png,Attacker,55
106835,27,,"",,"","K. Mitoma","",22,https://media.api-sports.io/football/players/106835.png,Midfielder,51
106851,25,,"",,"","S. Machino","",18,https://media.api-sports.io/football/players/106851.png,Attacker,191
107087,23,,"",,"","S. Banks","",18,https://media.api-sports.io/football/players/107087.png,Attacker,186
107153,27,,"",,"","Kike Pérez","",8,https://media.api-sports.io/football/players/107153.png,Midfielder,720
107194,27,,"",,"","Antonio Sánchez","",18,https://media.api-sports.io/football/players/107194.png,Midfielder,798
107199,28,,"",,"","P. Cornud","",17,https://media.api-sports.io/football/players/107199.png,Defender,1063
107702,30,,"",,"","Manel Royo","",21,https://media.api-sports.io/football/players/107702.png,Defender,203
108519,24,,"",,"","Mateu Morey","",2,https://media.api-sports.io/football/players/108519.png,Defender,798
109564,25,,"",,"","B. Miovski","",19,https://media.api-sports.io/football/players/109564.png,Attacker,547
113581,23,,"",,"","T. Coulibaly","",70,https://media.api-sports.io/football/players/113581.png,Midfielder,82
113586,25,,"",,"","B. Adekanye","",11,https://media.api-sports.io/football/players/113586.png,Attacker,410
115589,21,,"",,"","B. Šeško","",30,https://media.api-sports.io/football/players/115589.png,Attacker,173
116117,23,,"",,"","M. Caicedo","",25,https://media.api-sports.io/football/players/116117.png,Midfielder,49
118307,25,,"",,"","Đ. Petrović","",1,https://media.api-sports.io/football/players/118307.png,Goalkeeper,95
118956,23,,"",,"","L. Banda","",22,https://media.api-sports.io/football/players/118956.png,Midfielder,867
119113,23,,"",,"","B. Dizdarević","",1,https://media.api-sports.io/football/players/119113.png,Goalkeeper,82
119167,24,,"",,"","B. Voll","",1,https://media.api-sports.io/football/players/119167.png,Goalkeeper,186
119213,25,,"",,"","Alfon González","",12,https://media.api-sports.io/football/players/119213.png,Attacker,538
119232,26,,"",,"","Dani Gómez","",17,https://media.api-sports.io/football/players/119232.png,Attacker,532
119235,24,,"",,"","Pedro Ortiz","",8,https://media.api-sports.io/football/players/119235.png,Midfielder,536
119742,26,,"",,"","Juan Iglesias","",21,https://media.api-sports.io/football/players/119742.png,Defender,546
122230,27,,"",,"","Manu Fuster","",14,https://media.api-sports.io/football/players/122230.png,Midfielder,534
122233,28,,"",,"","Marcos André","",9,https://media.api-sports.io/football/players/122233.png,Attacker,720
122468,25,,"",,"","Saúl Coco","",23,https://media.api-sports.io/football/players/122468.png,Defender,503
122471,23,,"",,"","Jesús Owono","",13,https://media.api-sports.io/football/players/122471.png,Goalkeeper,542
122657,27,,"",,"","R. Nteka","",11,https://media.api-sports.io/football/players/122657.png,Midfielder,728
122956,26,,"",,"","Diego Conde","",13,https://media.api-sports.io/football/players/122956.png,Goalkeeper,533
123047,32,,"",,"","Sergio González","",6,https://media.api-sports.io/football/players/123047.png,Defender,537
125171,24,,"",,"","J. Stanišić","",44,https://media.api-sports.io/football/players/125171.png,Defender,157
125173,23,,"",,"","J. Adamu","",20,https://media.api-sports.io/football/players/125173.png,Attacker,160
125617,24,,"",,"","T. Lutonda","",5,https://media.api-sports.io/football/players/125617.png,Defender,193
125674,23,,"",,"","J. Cabal","",32,https://media.api-sports.io/football/players/125674.png,Defender,496
125715,23,,"",,"","F. Daniliuc","",4,https://media.api-sports.io/football/players/125715.png,Defender,504
125720,28,,"",,"","S. Conteh","",31,https://media.api-sports.io/football/players/125720.png,Attacker,180
125723,25,,"",,"","T. Keller","",27,https://media.api-sports.io/football/players/125723.png,Midfielder,180
125743,26,,"",,"",Beto,"",14,https://media.api-sports.io/football/players/125743.png,Attacker,45
126530,24,,"",,"","Daniel Peretz","",18,https://media.api-sports.io/football/players/126530.png,Goalkeeper,157
126642,23,,"",,"","P. Wimmer","",39,https://media.api-sports.io/football/players/126642.png,Midfielder,161
126757,25,,"",,"","L. Brassier","",20,https://media.api-sports.io/football/players/126757.png,Defender,81
126791,26,,"",,"","N. Broadhead","",33,https://media.api-sports.io/football/players/126791.png,Attacker,57
126818,24,,"",,"","H. Akujobi","",20,https://media.api-sports.io/football/players/126818.png,Defender,419
126936,25,,"",,"","Samuel Lino","",12,https://media.api-sports.io/football/players/126936.png,Midfielder,530
126949,24,,"",,"","C. Richards","",26,https://media.api-sports.io/football/players/126949.png,Defender,52
127011,24,,"",,"","A. Cambiaso","",27,https://media.api-sports.io/football/players/127011.png,Defender,496
127035,28,,"",,"","F. Baschirotto","",6,https://media.api-sports.io/football/players/127035.png,Defender,867
127413,22,,"",,"","A. Vranckx","",6,https://media.api-sports.io/football/players/127413.png,Midfielder,161
127426,25,,"",,"","Pol Lozano","",10,https://media.api-sports.io/football/players/127426.png,Midfielder,540
127471,30,,"",,"","C. Klaus","",25,https://media.api-sports.io/football/players/127471.png,Goalkeeper,182
127579,24,,"",,"","J. Greaves","",24,https://media.api-sports.io/football/players/127579.png,Defender,57
127619,25,,"",,"","J. Schöppner","",3,https://media.api-sports.io/football/players/127619.png,Midfielder,180
127631,24,,"",,"","V. Gendrey","",15,https://media.api-sports.io/football/players/127631.png,Defender,167
127769,23,,"",,"","Gabriel Martinelli","",11,https://media.api-sports.io/football/players/127769.png,Attacker,42
127803,24,,"",,"","S. El Karouani","",16,https://media.api-sports.io/football/players/127803.png,Defender,207
127817,22,,"",,"","P. Hincapié","",3,https://media.api-sports.io/football/players/127817.png,Defender,168
128287,23,,"",,"","J. Chotard","",13,https://media.api-sports.io/football/players/128287.png,Midfielder,82
128288,23,,"",,"","D. Hall","",2,https://media.api-sports.io/football/players/128288.png,Defender,210
128311,22,,"",,"","R. Meerveld","",16,https://media.api-sports.io/football/players/128311.png,Midfielder,195
128338,25,,"",,"","W. Coulibaly","",26,https://media.api-sports.io/football/players/128338.png,Defender,523
128342,23,,"",,"","R. Ndiaye","",19,https://media.api-sports.io/football/players/128342.png,Midfielder,111
128353,22,,"",,"","M. Braunöder","",27,https://media.api-sports.io/football/players/128353.png,Midfielder,895
128362,24,,"",,"","B. Lambert","",6,https://media.api-sports.io/football/players/128362.png,Midfielder,195
128384,24,,"",,"",Vitinha,"",17,https://media.api-sports.io/football/players/128384.png,Midfielder,85
128397,25,,"",,"","P. Vroegh","",8,https://media.api-sports.io/football/players/128397.png,Midfielder,417
128398,24,,"",,"","Oihan Sancet","",8,https://media.api-sports.io/football/players/128398.png,Midfielder,531
128461,25,,"",,"","N. Zortea","",19,https://media.api-sports.io/football/players/128461.png,Defender,490
128478,26,,"",,"","W. Cheddira","",16,https://media.api-sports.io/football/players/128478.png,Attacker,540
128533,23,,"",,"","J. Leweling","",18,https://media.api-sports.io/football/players/128533.png,Attacker,172
128582,27,,"",,"","Jorge de Frutos","",19,https://media.api-sports.io/football/players/128582.png,Attacker,728
128765,24,,"",,"","S. Tengstedt","",10,https://media.api-sports.io/football/players/128765.png,Midfielder,410
128793,24,,"",,"","D. Jurásek","",19,https://media.api-sports.io/football/players/128793.png,Defender,167
128811,24,,"",,"","J. Wendlinger","",29,https://media.api-sports.io/football/players/128811.png,Goalkeeper,419
128815,23,,"",,"","P. Grave","",34,https://media.api-sports.io/football/players/128815.png,Goalkeeper,176
128849,24,,"",,"","M. Breunig","",14,https://media.api-sports.io/football/players/128849.png,Attacker,180
128853,25,,"",,"","D. Köhn","",19,https://media.api-sports.io/football/players/128853.png,Defender,162
128985,23,,"",,"","Iker Losada","",19,https://media.api-sports.io/football/players/128985.png,Midfielder,543
129033,22,,"",,"","J. Gvardiol","",24,https://media.api-sports.io/football/players/129033.png,Defender,50
129043,23,,"",,"","C. van den Berg","",24,https://media.api-sports.io/football/players/129043.png,Goalkeeper,195
129047,26,,"",,"","R. Zerrouki","",6,https://media.api-sports.io/football/players/129047.png,Midfielder,209
129048,24,,"",,"","J. Bosch","",8,https://media.api-sports.io/football/players/129048.png,Midfielder,195
129049,24,,"",,"","R. Roosken","",12,https://media.api-sports.io/football/players/129049.png,Defender,206
129050,24,,"",,"","Y. Schoonderwaldt","",,https://media.api-sports.io/football/players/129050.png,Goalkeeper,426
129058,22,,"",,"","B. Verbruggen","",1,https://media.api-sports.io/football/players/129058.png,Goalkeeper,51
129067,26,,"",,"","B. Lucassen","",2,https://media.api-sports.io/football/players/129067.png,Defender,203
129072,23,,"",,"","Y. Vertessen","",7,https://media.api-sports.io/football/players/129072.png,Attacker,182
129119,22,,"",,"","I. Van der Brempt","",77,https://media.api-sports.io/football/players/129119.png,Defender,895
129125,24,,"",,"","S. Adewoye","",4,https://media.api-sports.io/football/players/129125.png,Defender,205
129133,29,,"",,"","N. Klinger","",30,https://media.api-sports.io/football/players/129133.png,Goalkeeper,161
129169,24,,"",,"","A. Zaroury","",21,https://media.api-sports.io/football/players/129169.png,Attacker,116
129172,23,,"",,"","K. Vaesen","",9,https://media.api-sports.io/football/players/129172.png,Attacker,195
129643,20,,"",,"","E. Ferguson","",28,https://media.api-sports.io/football/players/129643.png,Attacker,51
129657,27,,"",,"","Enric Franquesa","",15,https://media.api-sports.io/football/players/129657.png,Defender,537
129671,27,,"",,"","S. Agouzoul","",6,https://media.api-sports.io/football/players/129671.png,Defender,108
129681,23,,"",,"","A. Rouault","",29,https://media.api-sports.io/football/players/129681.png,Defender,172
129682,24,,"",,"","A. Adli","",21,https://media.api-sports.io/football/players/129682.png,Attacker,168
129695,22,,"",,"","D. Bakwa","",26,https://media.api-sports.io/football/players/129695.png,Attacker,95
129711,23,,"",,"","B. Johnson","",22,https://media.api-sports.io/football/players/129711.png,Attacker,47
129718,21,,"",,"","J. Bellingham","",5,https://media.api-sports.io/football/players/129718.png,Midfielder,541
129788,26,,"",,"","C. Brym","",,https://media.api-sports.io/football/players/129788.png,Attacker,426
129791,22,,"",,"","Fábio Silva","",37,https://media.api-sports.io/football/players/129791.png,Attacker,534
129892,25,,"",,"","J. Cruz","",13,https://media.api-sports.io/football/players/129892.png,Attacker,504
130421,24,,"",,"","W. Smallbone","",8,https://media.api-sports.io/football/players/130421.png,Midfielder,41
130423,23,,"",,"","B. Gilmour","",6,https://media.api-sports.io/football/players/130423.png,Midfielder,492
131535,31,,"",,"","Álex Suárez","",4,https://media.api-sports.io/football/players/131535.png,Defender,534
131546,30,,"",,"","Isi Palazón","",7,https://media.api-sports.io/football/players/131546.png,Midfielder,728
133110,22,,"",,"","T. Nianzou","",24,https://media.api-sports.io/football/players/133110.png,Defender,536
133185,23,,"",,"","J. Cardoso","",4,https://media.api-sports.io/football/players/133185.png,Midfielder,543
133609,22,,"",,"",Pedri,"",8,https://media.api-sports.io/football/players/133609.png,Midfielder,529
133729,25,,"",,"","T. Noslin","",14,https://media.api-sports.io/football/players/133729.png,Attacker,487
134926,23,,"",,"","D. Maldini","",14,https://media.api-sports.io/football/players/134926.png,Attacker,1579
135068,27,,"",,"","E. Agbadou","",5,https://media.api-sports.io/football/players/135068.png,Defender,93
135334,26,,"",,"","S. Bueno","",4,https://media.api-sports.io/football/players/135334.png,Defender,39
135379,25,,"",,"","B. Reith","",,https://media.api-sports.io/football/players/135379.png,Defender,426
135505,21,,"",,"","S. Dahl","",26,https://media.api-sports.io/football/players/135505.png,Defender,497
135519,23,,"",,"","G. Isaksen","",18,https://media.api-sports.io/football/players/135519.png,Attacker,487
135775,22,,"",,"","Ansu Fati","",10,https://media.api-sports.io/football/players/135775.png,Attacker,529
135841,23,,"",,"","V. Zagaritis","",14,https://media.api-sports.io/football/players/135841.png,Defender,419
135863,22,,"",,"","G. Ciocci","",1,https://media.api-sports.io/football/players/135863.png,Goalkeeper,490
135882,22,,"",,"","R. Postema","",29,https://media.api-sports.io/football/players/135882.png,Attacker,202
135883,23,,"",,"","R. Hendriks","",3,https://media.api-sports.io/football/players/135883.png,Defender,172
136016,25,,"",,"","H. Rafia","",8,https://media.api-sports.io/football/players/136016.png,Midfielder,867
136087,24,,"",,"","F. Parisi","",65,https://media.api-sports.io/football/players/136087.png,Defender,502
136117,24,,"",,"","Rodrigo Riquelme","",17,https://media.api-sports.io/football/players/136117.png,Midfielder,530
136723,22,,"",,"","N. Madueke","",11,https://media.api-sports.io/football/players/136723.png,Attacker,49
137208,24,,"",,"","S. Keller","",26,https://media.api-sports.io/football/players/137208.png,Goalkeeper,419
137209,23,,"",,"","M. Kjølø","",4,https://media.api-sports.io/football/players/137209.png,Midfielder,415
137210,23,,"",,"","A. Stiller","",6,https://media.api-sports.io/football/players/137210.png,Midfielder,172
137302,23,,"",,"","C. Archer","",19,https://media.api-sports.io/football/players/137302.png,Attacker,41
137303,23,,"",,"","E. Guessand","",29,https://media.api-sports.io/football/players/137303.png,Attacker,84
137398,25,,"",,"","P. Bolchini","",12,https://media.api-sports.io/football/players/137398.png,Goalkeeper,895
137721,24,,"",,"","G. Lagerbielke","",3,https://media.api-sports.io/football/players/137721.png,Defender,415
137837,28,,"",,"","V. Edvardsen","",16,https://media.api-sports.io/football/players/137837.png,Attacker,410
137976,25,,"",,"","I. Hien","",4,https://media.api-sports.io/football/players/137976.png,Defender,499
138417,23,,"",,"","N. Patterson","",2,https://media.api-sports.io/football/players/138417.png,Defender,45
138753,25,,"",,"","O. Edvardsen","",23,https://media.api-sports.io/football/players/138753.png,Attacker,410
138777,23,,"",,"","F. Anjorin","",8,https://media.api-sports.io/football/players/138777.png,Midfielder,511
138780,23,,"",,"","N. Williams","",7,https://media.api-sports.io/football/players/138780.png,Defender,65
138787,23,,"",,"","A. Gordon","",10,https://media.api-sports.io/football/players/138787.png,Attacker,34
138804,24,,"",,"","M. Kovář","",17,https://media.api-sports.io/football/players/138804.png,Goalkeeper,168
138815,24,,"",,"","T. Lamptey","",2,https://media.api-sports.io/football/players/138815.png,Defender,51
138816,22,,"",,"","I. Maatsen","",22,https://media.api-sports.io/football/players/138816.png,Defender,66
138817,24,,"",,"","Juan Carlos Familia-Castillo","",5,https://media.api-sports.io/football/players/138817.png,Defender,417
138822,23,,"",,"","A. Broja","",22,https://media.api-sports.io/football/players/138822.png,Attacker,45
138835,23,,"",,"","F. Balogun","",9,https://media.api-sports.io/football/players/138835.png,Attacker,91
138836,23,,"",,"","H. Clarke","",2,https://media.api-sports.io/football/players/138836.png,Defender,57
138908,22,,"",,"","E. Anderson","",8,https://media.api-sports.io/football/players/138908.png,Midfielder,65
138915,22,,"",,"","R. Nizet","",22,https://media.api-sports.io/football/players/138915.png,Defender,195
138931,22,,"",,"","J. Philogene","",19,https://media.api-sports.io/football/players/138931.png,Attacker,66
138935,21,,"",,"","C. Chukwuemeka","",17,https://media.api-sports.io/football/players/138935.png,Midfielder,49
139001,26,,"",,"","Pablo Ibáñez","",8,https://media.api-sports.io/football/players/139001.png,Midfielder,727
140831,22,,"",,"","Zito Luvumbo","",77,https://media.api-sports.io/football/players/140831.png,Attacker,490
141901,25,,"",,"","Jota Silva","",20,https://media.api-sports.io/football/players/141901.png,Attacker,65
142442,25,,"",,"","Rui Modesto","",77,https://media.api-sports.io/football/players/142442.png,Midfielder,494
142691,25,,"",,"","Alexsandro Ribeiro","",4,https://media.api-sports.io/football/players/142691.png,Defender,79
143648,25,,"",,"","M. Okoye","",40,https://media.api-sports.io/football/players/143648.png,Goalkeeper,494
143830,26,,"",,"","Y. Kitala","",9,https://media.api-sports.io/football/players/143830.png,Attacker,111
144691,25,,"",,"","L. Kulenović","",19,https://media.api-sports.io/football/players/144691.png,Attacker,206
144729,22,,"",,"","T. Harwood-Bellis","",6,https://media.api-sports.io/football/players/144729.png,Defender,41
144732,23,,"",,"","T. Doyle","",20,https://media.api-sports.io/football/players/144732.png,Midfielder,39
144740,23,,"",,"","F. Dele-Bashiru","",7,https://media.api-sports.io/football/players/144740.png,Midfielder,487
145059,26,,"",,"","M. Kwarteng","",11,https://media.api-sports.io/football/players/145059.png,Midfielder,176
145465,22,,"",,"","Hussein Ali","",15,https://media.api-sports.io/football/players/145465.png,Defender,210
145476,23,,"",,"","R. Khadra","",14,https://media.api-sports.io/football/players/145476.png,Midfielder,93
146044,23,,"",,"","A. Elezi","",17,https://media.api-sports.io/football/players/146044.png,Midfielder,176
146751,24,,"",,"","Raúl García","",9,https://media.api-sports.io/football/players/146751.png,Attacker,727
147831,22,,"",,"","A. Kalimuendo","",9,https://media.api-sports.io/football/players/147831.png,Attacker,94
147835,22,,"",,"","A. Omobamidele","",12,https://media.api-sports.io/football/players/147835.png,Defender,65
147859,23,,"",,"","C. De Ketelaere","",17,https://media.api-sports.io/football/players/147859.png,Attacker,499
148099,26,,"",,"","K. Dewsbury-Hall","",22,https://media.api-sports.io/football/players/148099.png,Midfielder,49
148128,25,,"",,"","Teo Quintero","",,https://media.api-sports.io/football/players/148128.png,Defender,426
148270,20,,"",,"","O. Zych","",48,https://media.api-sports.io/football/players/148270.png,Goalkeeper,66
148284,23,,"",,"","B. Białek","",14,https://media.api-sports.io/football/players/148284.png,Attacker,161
149551,22,,"",,"","T. Parrott","",9,https://media.api-sports.io/football/players/149551.png,Attacker,201
149557,21,,"",,"","K. Paredes","",40,https://media.api-sports.io/football/players/149557.png,Midfielder,161
149564,22,,"",,"","L. Cundle","",34,https://media.api-sports.io/football/players/149564.png,Midfielder,39
151166,21,,"",,"","D. Karlsbakk","",9,https://media.api-sports.io/football/players/151166.png,Attacker,210
151756,24,,"",,"","W. Dennis","",40,https://media.api-sports.io/football/players/151756.png,Goalkeeper,35
152418,22,,"",,"","N. Ahamada","",32,https://media.api-sports.io/football/players/152418.png,Midfielder,94
152654,24,,"",,"","J. Frimpong","",30,https://media.api-sports.io/football/players/152654.png,Defender,168
152849,23,,"",,"","M. van de Ven","",37,https://media.api-sports.io/football/players/152849.png,Defender,47
152850,22,,"",,"","D. Proper","",71,https://media.api-sports.io/football/players/152850.png,Midfielder,413
152856,25,,"",,"",Evanilson,"",9,https://media.api-sports.io/football/players/152856.png,Attacker,35
152953,21,,"",,"","L. Colwill","",6,https://media.api-sports.io/football/players/152953.png,Defender,49
152955,22,,"",,"","L. Bergström","",47,https://media.api-sports.io/football/players/152955.png,Goalkeeper,49
152967,25,,"",,"","C. Bassey","",3,https://media.api-sports.io/football/players/152967.png,Defender,36
152969,23,,"",,"","L. Thomas","",33,https://media.api-sports.io/football/players/152969.png,Defender,46
152970,24,,"",,"","J. Stolarczyk","",41,https://media.api-sports.io/football/players/152970.png,Goalkeeper,46
152979,21,,"",,"","James Barry Norris","",,https://media.api-sports.io/football/players/152979.png,Defender,40
152982,22,,"",,"","C. Palmer","",20,https://media.api-sports.io/football/players/152982.png,Midfielder,49
153066,22,,"",,"","Fábio Carvalho","",14,https://media.api-sports.io/football/players/153066.png,Midfielder,55
153398,23,,"",,"","K. Hansen","",17,https://media.api-sports.io/football/players/153398.png,Attacker,419
153407,21,,"",,"","N. Butler-Oyedeji","",37,https://media.api-sports.io/football/players/153407.png,Attacker,42
153430,22,,"",,"","A. Elanga","",21,https://media.api-sports.io/football/players/153430.png,Attacker,65
154791,24,,"",,"","B. Bayeye","",2,https://media.api-sports.io/football/players/154791.png,Midfielder,503
156428,25,,"",,"","B. Austin","",40,https://media.api-sports.io/football/players/156428.png,Goalkeeper,47
156465,24,,"",,"","I. Soumaré","",45,https://media.api-sports.io/football/players/156465.png,Attacker,111
156477,21,,"",,"","R. Cherki","",18,https://media.api-sports.io/football/players/156477.png,Midfielder,80
156488,27,,"",,"","Dani Cárdenas","",1,https://media.api-sports.io/football/players/156488.png,Goalkeeper,728
156490,24,,"",,"","N. Nkounkou","",29,https://media.api-sports.io/football/players/156490.png,Defender,169
156619,21,,"",,"","J. Samooja","",32,https://media.api-sports.io/football/players/156619.png,Goalkeeper,867
156998,24,,"",,"","D. van den Berg","",10,https://media.api-sports.io/football/players/156998.png,Midfielder,193
157052,22,,"",,"","R. Calafiori","",33,https://media.api-sports.io/football/players/157052.png,Defender,42
157146,27,,"",,"","L. Pétrot","",19,https://media.api-sports.io/football/players/157146.png,Defender,1063
157194,28,,"",,"","Pejiño","",7,https://media.api-sports.io/football/players/157194.png,Midfielder,534
157912,23,,"",,"","B. Traoré","",6,https://media.api-sports.io/football/players/157912.png,Midfielder,39
157988,24,,"",,"","Sergio Carreira","",5,https://media.api-sports.io/football/players/157988.png,Defender,538
157997,22,,"",,"","A. Diallo","",16,https://media.api-sports.io/football/players/157997.png,Attacker,33
158053,23,,"",,"","A. Azhil","",46,https://media.api-sports.io/football/players/158053.png,Midfielder,165
158054,22,,"",,"","N. Woltemade","",11,https://media.api-sports.io/football/players/158054.png,Attacker,172
158378,23,,"",,"","E. Barrenechea","",5,https://media.api-sports.io/football/players/158378.png,Midfielder,532
158644,22,,"",,"","M. Beier","",14,https://media.api-sports.io/football/players/158644.png,Attacker,165
158694,22,,"",,"","T. Livramento","",21,https://media.api-sports.io/football/players/158694.png,Defender,34
158697,22,,"",,"","J. McAtee","",87,https://media.api-sports.io/football/players/158697.png,Midfielder,50
158698,21,,"",,"","J. Quansah","",78,https://media.api-sports.io/football/players/158698.png,Defender,40
158702,22,,"",,"","C. Slicker","",13,https://media.api-sports.io/football/players/158702.png,Goalkeeper,57
158710,22,,"",,"","V. Kristiansen","",16,https://media.api-sports.io/football/players/158710.png,Defender,46
159350,23,,"",,"","D. Cleonise","",7,https://media.api-sports.io/football/players/159350.png,Attacker,417
159420,21,,"",,"","R. Edwards","",12,https://media.api-sports.io/football/players/159420.png,Defender,41
161585,22,,"",,"","Francisco Conceição","",7,https://media.api-sports.io/football/players/161585.png,Attacker,496
161620,22,,"",,"","J. Kadile","",11,https://media.api-sports.io/football/players/161620.png,Attacker,419
161621,21,,"",,"","L. Tchaouna","",20,https://media.api-sports.io/football/players/161621.png,Attacker,487
161622,21,,"",,"","M. Abline","",39,https://media.api-sports.io/football/players/161622.png,Attacker,83
161671,22,,"",,"","I. Zabarnyi","",27,https://media.api-sports.io/football/players/161671.png,Defender,35
161747,22,,"",,"","G. Doué","",22,https://media.api-sports.io/football/players/161747.png,Defender,95
161842,22,,"",,"","Alejandro Agustín","",35,https://media.api-sports.io/football/players/161842.png,Defender,542
161859,22,,"",,"","G. Oristanio","",11,https://media.api-sports.io/football/players/161859.png,Attacker,517
161883,21,,"",,"","Y. Regeer","",8,https://media.api-sports.io/football/players/161883.png,Midfielder,415
161884,22,,"",,"","S. Hansen","",10,https://media.api-sports.io/football/players/161884.png,Attacker,413
161886,21,,"",,"","C. Rasmussen","",29,https://media.api-sports.io/football/players/161886.png,Attacker,194
161894,21,,"",,"","N. Ünüvar","",37,https://media.api-sports.io/football/players/161894.png,Midfielder,540
161897,23,,"",,"","I. Saibari","",34,https://media.api-sports.io/football/players/161897.png,Midfielder,197
161898,23,,"",,"","M. Didden","",40,https://media.api-sports.io/football/players/161898.png,Defender,207
161901,23,,"",,"","B. Limbombe","",7,https://media.api-sports.io/football/players/161901.png,Attacker,206
161904,22,,"",,"","B. Barcola","",29,https://media.api-sports.io/football/players/161904.png,Attacker,85
161907,21,,"",,"","M. Gusto","",27,https://media.api-sports.io/football/players/161907.png,Defender,49
161919,20,,"",,"","Y. Moukoko","",15,https://media.api-sports.io/football/players/161919.png,Attacker,84
161921,22,,"",,"","G. Reyna","",7,https://media.api-sports.io/football/players/161921.png,Midfielder,165
161922,22,,"",,"","A. Knauff","",36,https://media.api-sports.io/football/players/161922.png,Attacker,169
161928,21,,"",,"","Alejandro Balde","",3,https://media.api-sports.io/football/players/161928.png,Defender,529
161931,21,,"",,"","Arnau Solà","",27,https://media.api-sports.io/football/players/161931.png,Defender,533
161948,21,,"",,"","L. Delap","",19,https://media.api-sports.io/football/players/161948.png,Attacker,57
161956,23,,"",,"","K. Belić","",14,https://media.api-sports.io/football/players/161956.png,Midfielder,201
161963,22,,"",,"","Germán Valera","",30,https://media.api-sports.io/football/players/161963.png,Attacker,532
162012,22,,"",,"","M. Ruggeri","",22,https://media.api-sports.io/football/players/162012.png,Midfielder,499
162016,21,,"",,"","X. Simons","",10,https://media.api-sports.io/football/players/162016.png,Midfielder,173
162026,24,,"",,"","Marvin Park","",2,https://media.api-sports.io/football/players/162026.png,Defender,534
162028,23,,"",,"","Juanmi Latasa","",14,https://media.api-sports.io/football/players/162028.png,Attacker,720
162032,23,,"",,"","Miguel Gutiérrez","",3,https://media.api-sports.io/football/players/162032.png,Defender,547
162037,22,,"",,"","M. Tillman","",7,https://media.api-sports.io/football/players/162037.png,Midfielder,197
162067,22,,"",,"","T. Pembélé","",32,https://media.api-sports.io/football/players/162067.png,Defender,111
162075,23,,"",,"","P. Maghoma","",32,https://media.api-sports.io/football/players/162075.png,Midfielder,55
162087,23,,"",,"","I. Takidine","",20,https://media.api-sports.io/football/players/162087.png,Attacker,417
162106,22,,"",,"","Y. Musah","",80,https://media.api-sports.io/football/players/162106.png,Midfielder,489
162122,23,,"",,"","Adrià Alti","",2,https://media.api-sports.io/football/players/162122.png,Defender,537
162123,21,,"",,"","I. Moriba","",6,https://media.api-sports.io/football/players/162123.png,Midfielder,538
162126,22,,"",,"","Peque Fernández","",14,https://media.api-sports.io/football/players/162126.png,Attacker,536
162127,22,,"",,"","Diego López","",16,https://media.api-sports.io/football/players/162127.png,Attacker,532
162141,22,,"",,"","K. De Winter","",4,https://media.api-sports.io/football/players/162141.png,Defender,495
162157,23,,"",,"","T. Booth","",10,https://media.api-sports.io/football/players/162157.png,Midfielder,207
162170,21,,"",,"","Hugo Novoa","",16,https://media.api-sports.io/football/players/162170.png,Attacker,542
162173,21,,"",,"","S. Iling-Junior","",14,https://media.api-sports.io/football/players/162173.png,Attacker,500
162175,21,,"",,"","Jesús Vázquez","",21,https://media.api-sports.io/football/players/162175.png,Defender,532
162188,24,,"",,"","P. Kalulu","",15,https://media.api-sports.io/football/players/162188.png,Defender,496
162200,21,,"",,"","J. Dirksen","",26,https://media.api-sports.io/football/players/162200.png,Defender,410
162211,21,,"",,"","C. Sandra","",14,https://media.api-sports.io/football/players/162211.png,Midfielder,195
162265,24,,"",,"","W. Omari","",27,https://media.api-sports.io/football/players/162265.png,Defender,80
162266,23,,"",,"","L. da Cunha","",33,https://media.api-sports.io/football/players/162266.png,Midfielder,895
162267,23,,"",,"","A. Truffert","",3,https://media.api-sports.io/football/players/162267.png,Defender,94
162347,22,,"",,"","B. Soppy","",93,https://media.api-sports.io/football/players/162347.png,Defender,499
162409,21,,"",,"","K. Koulierakis","",4,https://media.api-sports.io/football/players/162409.png,Defender,161
162414,21,,"",,"","A. Amenda","",5,https://media.api-sports.io/football/players/162414.png,Defender,169
162434,22,,"",,"","Alejandro Francés","",16,https://media.api-sports.io/football/players/162434.png,Defender,547
162443,22,,"",,"","É. Youté","",6,https://media.api-sports.io/football/players/162443.png,Defender,111
162445,22,,"",,"","F. Stanković","",35,https://media.api-sports.io/football/players/162445.png,Goalkeeper,517
162451,22,,"",,"","A. Salah-Eddine","",34,https://media.api-sports.io/football/players/162451.png,Defender,415
162452,21,,"",,"","D. Rensch","",2,https://media.api-sports.io/football/players/162452.png,Defender,194
162453,23,,"",,"","L. Chevalier","",30,https://media.api-sports.io/football/players/162453.png,Goalkeeper,79
162465,24,,"",,"","M. Bard","",26,https://media.api-sports.io/football/players/162465.png,Defender,84
162466,23,,"",,"","S. Diomandé","",20,https://media.api-sports.io/football/players/162466.png,Defender,108
162473,23,,"",,"","Arnau Tenas","",80,https://media.api-sports.io/football/players/162473.png,Goalkeeper,85
162475,23,,"",,"","Mika Màrmol","",3,https://media.api-sports.io/football/players/162475.png,Defender,534
162476,21,,"",,"","C. Kleine-Bekel","",34,https://media.api-sports.io/football/players/162476.png,Defender,191
162498,22,,"",,"","R. Drăgușin","",6,https://media.api-sports.io/football/players/162498.png,Defender,47
162502,23,,"",,"","M. Lotka","",35,https://media.api-sports.io/football/players/162502.png,Goalkeeper,165
162520,24,,"",,"","Rodrigo Guth","",14,https://media.api-sports.io/football/players/162520.png,Defender,205
162568,21,,"",,"","S. Coulibaly","",44,https://media.api-sports.io/football/players/162568.png,Defender,106
162585,22,,"",,"","Pol Tristán","",38,https://media.api-sports.io/football/players/162585.png,Goalkeeper,540
162590,22,,"",,"","T. Morton","",80,https://media.api-sports.io/football/players/162590.png,Midfielder,40
162594,23,,"",,"","Alexandre Penetra","",5,https://media.api-sports.io/football/players/162594.png,Defender,201
162686,24,,"",,"","Antonio Blanco","",8,https://media.api-sports.io/football/players/162686.png,Midfielder,542
162687,23,,"",,"","V. Jaroš","",56,https://media.api-sports.io/football/players/162687.png,Goalkeeper,40
162703,24,,"",,"","C. Tengstedt","",11,https://media.api-sports.io/football/players/162703.png,Attacker,504
162707,21,,"",,"","E. Wahi","",9,https://media.api-sports.io/football/players/162707.png,Attacker,81
162712,25,,"",,"","Óscar Mingueza","",3,https://media.api-sports.io/football/players/162712.png,Defender,538
162714,23,,"",,"","A. Onana","",24,https://media.api-sports.io/football/players/162714.png,Midfielder,66
162720,23,,"",,"","M. Geschwill","",14,https://media.api-sports.io/football/players/162720.png,Defender,191
162723,22,,"",,"","M. John","",24,https://media.api-sports.io/football/players/162723.png,Defender,167
162733,23,,"",,"","R. Providence","",7,https://media.api-sports.io/football/players/162733.png,Attacker,419
162761,22,,"",,"","C. Lukeba","",23,https://media.api-sports.io/football/players/162761.png,Defender,173
162762,23,,"",,"","M. Suray","",17,https://media.api-sports.io/football/players/162762.png,Midfielder,410
162887,22,,"",,"","E. Millot","",8,https://media.api-sports.io/football/players/162887.png,Midfielder,172
162907,24,,"",,"","A. Zanoli","",59,https://media.api-sports.io/football/players/162907.png,Defender,495
162931,22,,"",,"","Fran Pérez","",23,https://media.api-sports.io/football/players/162931.png,Midfielder,532
162946,23,,"",,"","B. Hollerbach","",16,https://media.api-sports.io/football/players/162946.png,Attacker,182
162952,24,,"",,"","Mario Gila","",34,https://media.api-sports.io/football/players/162952.png,Defender,487
162964,24,,"",,"","R. Hranáč","",2,https://media.api-sports.io/football/players/162964.png,Defender,167
162991,22,,"",,"","E. Matazo","",8,https://media.api-sports.io/football/players/162991.png,Midfielder,91
163004,24,,"",,"","E. Lepaul","",19,https://media.api-sports.io/football/players/163004.png,Attacker,77
163013,22,,"",,"","Iker Bachiller","",28,https://media.api-sports.io/football/players/163013.png,Defender,537
163022,24,,"",,"","P. Osterhage","",6,https://media.api-sports.io/football/players/163022.png,Midfielder,160
163032,22,,"",,"","F. Rieder","",32,https://media.api-sports.io/football/players/163032.png,Midfielder,172
163039,22,,"",,"","C. Matsima","",5,https://media.api-sports.io/football/players/163039.png,Defender,170
163060,24,,"",,"","A. Giménez","",31,https://media.api-sports.io/football/players/163060.png,Goalkeeper,542
163064,23,,"",,"","D. Klein","",25,https://media.api-sports.io/football/players/163064.png,Goalkeeper,170
163066,24,,"",,"","L. Philipp","",37,https://media.api-sports.io/football/players/163066.png,Goalkeeper,167
163069,21,,"",,"","L. Netz","",20,https://media.api-sports.io/football/players/163069.png,Defender,163
163189,23,,"",,"","M. Thiaw","",28,https://media.api-sports.io/football/players/163189.png,Defender,489
163338,22,,"",,"","S. Podgoreanu","",29,https://media.api-sports.io/football/players/163338.png,Attacker,206
169256,23,,"",,"","Iker Álvarez","",31,https://media.api-sports.io/football/players/169256.png,Goalkeeper,533
169295,22,,"",,"","K. Hein","",13,https://media.api-sports.io/football/players/169295.png,Goalkeeper,720
174565,22,,"",,"","H. Ekitike","",11,https://media.api-sports.io/football/players/174565.png,Attacker,169
174607,23,,"",,"","David Pereira da Costa","",10,https://media.api-sports.io/football/players/174607.png,Midfielder,116
174660,24,,"",,"","L. Rao-Lisoa","",27,https://media.api-sports.io/football/players/174660.png,Defender,77
174708,22,,"",,"","Y. Belkhdim","",14,https://media.api-sports.io/football/players/174708.png,Midfielder,77
174723,24,,"",,"","Z. Ould Khaled","",12,https://media.api-sports.io/football/players/174723.png,Defender,77
174724,25,,"",,"","F. Magri","",9,https://media.api-sports.io/football/players/174724.png,Attacker,96
174727,23,,"",,"","H. Barbet","",50,https://media.api-sports.io/football/players/174727.png,Goalkeeper,83
174801,23,,"",,"","A. Moueffek","",29,https://media.api-sports.io/football/players/174801.png,Midfielder,1063
174915,23,,"",,"","J. Casimir","",10,https://media.api-sports.io/football/players/174915.png,Attacker,111
174918,24,,"",,"","L. Badé","",22,https://media.api-sports.io/football/players/174918.png,Defender,536
174927,22,,"",,"","A. Sangante","",93,https://media.api-sports.io/football/players/174927.png,Defender,111
174937,22,,"",,"","Y. Kechta","",8,https://media.api-sports.io/football/players/174937.png,Midfielder,111
174973,22,,"",,"","M. Zinga","",16,https://media.api-sports.io/football/players/174973.png,Goalkeeper,77
175171,23,,"",,"","T. Boulhendi","",77,https://media.api-sports.io/football/players/175171.png,Goalkeeper,84
177618,24,,"",,"","K. Fischer","",2,https://media.api-sports.io/football/players/177618.png,Defender,161
177665,26,,"",,"","A. Stach","",16,https://media.api-sports.io/football/players/177665.png,Midfielder,167
177714,24,,"",,"","J. Wieckhoff","",3,https://media.api-sports.io/football/players/177714.png,Defender,206
177745,23,,"",,"","F. Alidou","",29,https://media.api-sports.io/football/players/177745.png,Attacker,504
177807,24,,"",,"","J. Njinmah","",11,https://media.api-sports.io/football/players/177807.png,Attacker,162
177815,24,,"",,"","T. Siersleben","",4,https://media.api-sports.io/football/players/177815.png,Defender,180
178077,23,,"",,"","K. Schade","",7,https://media.api-sports.io/football/players/178077.png,Midfielder,55
178093,24,,"",,"","Y. Keitel","",5,https://media.api-sports.io/football/players/178093.png,Midfielder,172
178106,25,,"",,"","M. Pieringer","",18,https://media.api-sports.io/football/players/178106.png,Attacker,180
178146,25,,"",,"","C. Boukhalfa","",16,https://media.api-sports.io/football/players/178146.png,Midfielder,186
178168,25,,"",,"","Rui Mendes","",27,https://media.api-sports.io/football/players/178168.png,Attacker,202
178217,25,,"",,"","S. Drljača","",21,https://media.api-sports.io/football/players/178217.png,Goalkeeper,172
178405,23,,"",,"","J. Olschowsky","",41,https://media.api-sports.io/football/players/178405.png,Goalkeeper,163
178425,27,,"",,"","S. Ahlers","",28,https://media.api-sports.io/football/players/178425.png,Goalkeeper,186
178505,24,,"",,"","F. Mattoir","",24,https://media.api-sports.io/football/players/178505.png,Attacker,419
178709,23,,"",,"","Y. Engelhardt","",26,https://media.api-sports.io/football/players/178709.png,Midfielder,895
178749,22,,"",,"","L. Samardžić","",24,https://media.api-sports.io/football/players/178749.png,Midfielder,499
178768,22,,"",,"","N. Atubolu","",1,https://media.api-sports.io/football/players/178768.png,Goalkeeper,160
178769,24,,"",,"","P. Treu","",23,https://media.api-sports.io/football/players/178769.png,Defender,186
179139,24,,"",,"","Leo Román","",13,https://media.api-sports.io/football/players/179139.png,Goalkeeper,798
179153,25,,"",,"","Javi Martón","",19,https://media.api-sports.io/football/players/179153.png,Attacker,531
179399,22,,"",,"","E. Tchato","",29,https://media.api-sports.io/football/players/179399.png,Defender,82
179839,22,,"",,"","D. Kasius","",30,https://media.api-sports.io/football/players/179839.png,Defender,201
179856,22,,"",,"","B. Old","",11,https://media.api-sports.io/football/players/179856.png,Midfielder,1063
179996,25,,"",,"","Fran Vieites","",25,https://media.api-sports.io/football/players/179996.png,Goalkeeper,543
180298,21,,"",,"","O. Fraulo","",6,https://media.api-sports.io/football/players/180298.png,Midfielder,207
180316,21,,"",,"","H. Davies","",95,https://media.api-sports.io/football/players/180316.png,Goalkeeper,40
180317,21,,"",,"","C. Bradley","",84,https://media.api-sports.io/football/players/180317.png,Defender,40
180455,22,,"",,"","M. Garbett","",7,https://media.api-sports.io/football/players/180455.png,Midfielder,203
180466,21,,"",,"","A. Descotte","",19,https://media.api-sports.io/football/players/180466.png,Attacker,207
180496,24,,"",,"","G. Mikautadze","",69,https://media.api-sports.io/football/players/180496.png,Attacker,80
180510,22,,"",,"","M. Viti","",21,https://media.api-sports.io/football/players/180510.png,Defender,511
180553,23,,"",,"","L. Rieß","",1,https://media.api-sports.io/football/players/180553.png,Goalkeeper,164
180731,24,,"",,"","L. Assignon","",22,https://media.api-sports.io/football/players/180731.png,Defender,94
180762,23,,"",,"","E. Corvi","",40,https://media.api-sports.io/football/players/180762.png,Goalkeeper,523
180763,22,,"",,"","B. Balogh","",4,https://media.api-sports.io/football/players/180763.png,Defender,523
181259,24,,"",,"","Abel Bretones","",23,https://media.api-sports.io/football/players/181259.png,Midfielder,727
181421,23,,"",,"","A. Ezzalzouli","",10,https://media.api-sports.io/football/players/181421.png,Attacker,543
181463,25,,"",,"","Víctor Meseguer","",4,https://media.api-sports.io/football/players/181463.png,Midfielder,720
181582,25,,"",,"",Copete,"",6,https://media.api-sports.io/football/players/181582.png,Defender,798
181701,22,,"",,"","Gerard Martín","",35,https://media.api-sports.io/football/players/181701.png,Defender,529
181734,26,,"",,"","Pep Chavarría","",3,https://media.api-sports.io/football/players/181734.png,Defender,728
181806,21,,"",,"","N. Savona","",37,https://media.api-sports.io/football/players/181806.png,Defender,496
181808,21,,"",,"","F. Miretti","",23,https://media.api-sports.io/football/players/181808.png,Midfielder,495
181812,21,,"",,"","J. Musiala","",42,https://media.api-sports.io/football/players/181812.png,Midfielder,157
181865,23,,"",,"","Y. Oukili","",6,https://media.api-sports.io/football/players/181865.png,Midfielder,417
182181,25,,"",,"","Jesús Areso","",12,https://media.api-sports.io/football/players/182181.png,Defender,727
182201,25,,"",,"","T. Mitchell","",3,https://media.api-sports.io/football/players/182201.png,Defender,52
182219,23,,"",,"","Álex Baena","",16,https://media.api-sports.io/football/players/182219.png,Midfielder,533
182280,20,,"",,"","K. UrbaÅski","",82,https://media.api-sports.io/football/players/182280.png,Midfielder,500
182519,21,,"",,"","Alberto Moleiro","",10,https://media.api-sports.io/football/players/182519.png,Midfielder,534
182546,23,,"",,"","Jon Pacheco","",20,https://media.api-sports.io/football/players/182546.png,Defender,548
182560,25,,"",,"","Oier Zarraga","",6,https://media.api-sports.io/football/players/182560.png,Midfielder,494
182592,23,,"",,"","Jorge Herrando","",5,https://media.api-sports.io/football/players/182592.png,Defender,727
182603,24,,"",,"","Jon Ander Olasagasti","",16,https://media.api-sports.io/football/players/182603.png,Midfielder,548
182617,23,,"",,"","Beñat Prados","",24,https://media.api-sports.io/football/players/182617.png,Defender,531
182621,22,,"",,"","Iker Muñoz","",18,https://media.api-sports.io/football/players/182621.png,Midfielder,727
182636,22,,"",,"","Javi López","",12,https://media.api-sports.io/football/players/182636.png,Defender,548
182637,23,,"",,"","Álex Balboa","",23,https://media.api-sports.io/football/players/182637.png,Midfielder,419
182674,23,,"",,"","Jofre Carreras","",17,https://media.api-sports.io/football/players/182674.png,Attacker,540
182694,24,,"",,"","Iván Gil","",21,https://media.api-sports.io/football/players/182694.png,Midfielder,534
182718,23,,"",,"","Joan García","",1,https://media.api-sports.io/football/players/182718.png,Goalkeeper,540
182730,24,,"",,"","Marc Vidal","",26,https://media.api-sports.io/football/players/182730.png,Goalkeeper,538
182735,23,,"",,"","Ángel Fortuño","",33,https://media.api-sports.io/football/players/182735.png,Goalkeeper,540
182772,21,,"",,"","Juanlu Sánchez","",26,https://media.api-sports.io/football/players/182772.png,Midfielder,536
183699,23,,"",,"","Urko González","",15,https://media.api-sports.io/football/players/183699.png,Midfielder,548
183744,22,,"",,"","Beñat Turrientes","",22,https://media.api-sports.io/football/players/183744.png,Midfielder,548
183751,26,,"",,"","A. Rebbach","",21,https://media.api-sports.io/football/players/183751.png,Attacker,542
183799,22,,"",,"","Nico Williams","",10,https://media.api-sports.io/football/players/183799.png,Attacker,531
183848,24,,"",,"","Julen Agirrezabala","",13,https://media.api-sports.io/football/players/183848.png,Goalkeeper,531
183849,24,,"",,"","Aitor Paredes","",4,https://media.api-sports.io/football/players/183849.png,Defender,531
184226,22,,"",,"","Yeremy Pino","",21,https://media.api-sports.io/football/players/184226.png,Midfielder,533
184420,23,,"",,"","Carlos Romero","",22,https://media.api-sports.io/football/players/184420.png,Defender,540
184481,24,,"",,"","Diego García","",19,https://media.api-sports.io/football/players/184481.png,Attacker,537
185202,24,,"",,"","Juan Cruz","",11,https://media.api-sports.io/football/players/185202.png,Midfielder,537
185371,20,,"",,"",Joselito,"",,https://media.api-sports.io/football/players/185371.png,Midfielder,504
185398,24,,"",,"",Isaac,"",7,https://media.api-sports.io/football/players/185398.png,Attacker,536
187214,25,,"",,"","Carlos Vicente","",7,https://media.api-sports.io/football/players/187214.png,Attacker,542
187987,24,,"",,"","Ramón Terrats","",20,https://media.api-sports.io/football/players/187987.png,Midfielder,533
188413,23,,"",,"",Visus,"",4,https://media.api-sports.io/football/players/188413.png,Defender,419
189831,22,,"",,"",Arana,"",35,https://media.api-sports.io/football/players/189831.png,Goalkeeper,548
189832,23,,"",,"","Unai Marrero","",13,https://media.api-sports.io/football/players/189832.png,Goalkeeper,548
190485,24,,"",,"","Samú Costa","",12,https://media.api-sports.io/football/players/190485.png,Midfielder,798
190489,25,,"",,"","Álvaro Djaló","",11,https://media.api-sports.io/football/players/190489.png,Attacker,531
190685,22,,"",,"","L. Delaurier-Chaubet","",27,https://media.api-sports.io/football/players/190685.png,Attacker,419
190686,22,,"",,"","S. Mara","",14,https://media.api-sports.io/football/players/190686.png,Attacker,95
190958,24,,"",,"","B. Pierret","",75,https://media.api-sports.io/football/players/190958.png,Midfielder,867
191160,23,,"",,"","J. Makengo","",33,https://media.api-sports.io/football/players/191160.png,Defender,160
191189,23,,"",,"","C. Akpa","",92,https://media.api-sports.io/football/players/191189.png,Defender,108
191233,22,,"",,"","K. Sildillia","",25,https://media.api-sports.io/football/players/191233.png,Defender,160
191240,23,,"",,"","M. Senaya","",28,https://media.api-sports.io/football/players/191240.png,Defender,95
191392,24,,"",,"","P. Joly","",26,https://media.api-sports.io/football/players/191392.png,Defender,108
191879,20,,"",,"","K. Hlynsson","",38,https://media.api-sports.io/football/players/191879.png,Midfielder,194
192434,21,,"",,"","Miguel Rodríguez","",22,https://media.api-sports.io/football/players/192434.png,Attacker,207
192439,22,,"",,"","David Argüelles","",34,https://media.api-sports.io/football/players/192439.png,Defender,546
193270,23,,"",,"","A. Carboni","",44,https://media.api-sports.io/football/players/193270.png,Defender,1579
193501,23,,"",,"","B. Meité","",18,https://media.api-sports.io/football/players/193501.png,Midfielder,81
193617,21,,"",,"","T. Louchet","",20,https://media.api-sports.io/football/players/193617.png,Midfielder,84
193681,23,,"",,"","T. De Percin","",40,https://media.api-sports.io/football/players/193681.png,Goalkeeper,108
193720,22,,"",,"","S. Alvero","",28,https://media.api-sports.io/football/players/193720.png,Midfielder,162
193952,22,,"",,"","J. Lepenant","",8,https://media.api-sports.io/football/players/193952.png,Midfielder,83
194536,21,,"",,"","R. Roefs","",22,https://media.api-sports.io/football/players/194536.png,Goalkeeper,413
194750,23,,"",,"","E. Touré","",10,https://media.api-sports.io/football/players/194750.png,Attacker,172
194837,22,,"",,"","T. Suslov","",31,https://media.api-sports.io/football/players/194837.png,Midfielder,504
195100,23,,"",,"",Natan,"",6,https://media.api-sports.io/football/players/195100.png,Defender,543
195103,23,,"",,"","João Gomes","",8,https://media.api-sports.io/football/players/195103.png,Midfielder,39
195106,23,,"",,"","Rodrigo Muniz","",9,https://media.api-sports.io/football/players/195106.png,Attacker,36
195512,23,,"",,"","M. Satriano","",9,https://media.api-sports.io/football/players/195512.png,Attacker,116
195717,23,,"",,"","Y. Mosquera","",14,https://media.api-sports.io/football/players/195717.png,Defender,39
195893,21,,"",,"","S. Touré","",95,https://media.api-sports.io/football/players/195893.png,Defender,494
195923,22,,"",,"","José Ángel Carmona","",43,https://media.api-sports.io/football/players/195923.png,Defender,536
195962,24,,"",,"",Chiquinho,"",20,https://media.api-sports.io/football/players/195962.png,Attacker,798
196156,23,,"",,"",Thiago,"",9,https://media.api-sports.io/football/players/196156.png,Attacker,55
196187,24,,"",,"","A. Seidu","",36,https://media.api-sports.io/football/players/196187.png,Defender,94
196298,25,,"",,"","R. Sosa","",24,https://media.api-sports.io/football/players/196298.png,Attacker,65
196343,25,,"",,"","Mohamed Abdelmonem","",5,https://media.api-sports.io/football/players/196343.png,Defender,84
197196,22,,"",,"","Ramón Martínez","",35,https://media.api-sports.io/football/players/197196.png,Defender,536
197448,22,,"",,"","Yan Couto","",2,https://media.api-sports.io/football/players/197448.png,Defender,165
197779,23,,"",,"","M. Kaba","",77,https://media.api-sports.io/football/players/197779.png,Midfielder,867
197830,22,,"",,"","R. Sava","",90,https://media.api-sports.io/football/players/197830.png,Goalkeeper,494
199042,21,,"",,"","Mario Maroto","",34,https://media.api-sports.io/football/players/199042.png,Midfielder,720
199044,22,,"",,"","J. Aramburu","",27,https://media.api-sports.io/football/players/199044.png,Defender,548
199089,24,,"",,"","L. Lucca","",17,https://media.api-sports.io/football/players/199089.png,Attacker,494
199578,22,,"",,"","Z. Suzuki","",31,https://media.api-sports.io/football/players/199578.png,Goalkeeper,523
199793,27,,"",,"","S. Maikuma","",16,https://media.api-sports.io/football/players/199793.png,Defender,201
199837,22,,"",,"","K. Sulemana","",20,https://media.api-sports.io/football/players/199837.png,Midfielder,41
200139,24,,"",,"","M. Amoura","",9,https://media.api-sports.io/football/players/200139.png,Attacker,161
200999,22,,"",,"",Keita,"",36,https://media.api-sports.io/football/players/200999.png,Attacker,546
201351,22,,"",,"","A. Kelati","",16,https://media.api-sports.io/football/players/201351.png,Midfielder,191
201368,21,,"",,"","Killian Cahill","",38,https://media.api-sports.io/football/players/201368.png,Goalkeeper,51
202017,21,,"",,"","W. Faghir","",19,https://media.api-sports.io/football/players/202017.png,Attacker,172
202087,20,,"",,"","A. van Axel Dongen","",27,https://media.api-sports.io/football/players/202087.png,Attacker,194
202514,22,,"",,"","P. Harres","",19,https://media.api-sports.io/football/players/202514.png,Attacker,191
202522,22,,"",,"","A. Nankishi","",33,https://media.api-sports.io/football/players/202522.png,Attacker,162
202526,23,,"",,"","E. Dinkçi","",18,https://media.api-sports.io/football/players/202526.png,Attacker,160
202580,22,,"",,"","L. Rosenboom","",23,https://media.api-sports.io/football/players/202580.png,Defender,191
202696,21,,"",,"","I. Matanović","",9,https://media.api-sports.io/football/players/202696.png,Attacker,169
202736,22,,"",,"","P. Nebel","",8,https://media.api-sports.io/football/players/202736.png,Midfielder,164
202755,22,,"",,"","T. Breithaupt","",18,https://media.api-sports.io/football/players/202755.png,Midfielder,170
202772,22,,"",,"","E. Kehrer","",11,https://media.api-sports.io/football/players/202772.png,Attacker,195
202792,23,,"",,"","R. Elongo-Yombo","",36,https://media.api-sports.io/football/players/202792.png,Attacker,165
202843,22,,"",,"","K. Schmidt","",4,https://media.api-sports.io/football/players/202843.png,Defender,160
202844,23,,"",,"","N. Weißhaupt","",7,https://media.api-sports.io/football/players/202844.png,Midfielder,160
202854,22,,"",,"","M. Röhl","",34,https://media.api-sports.io/football/players/202854.png,Midfielder,160
202919,21,,"",,"","M. Rosenfelder","",37,https://media.api-sports.io/football/players/202919.png,Defender,160
203007,22,,"",,"","R. Reitz","",27,https://media.api-sports.io/football/players/203007.png,Midfielder,163
203011,23,,"",,"","J. Niehues","",16,https://media.api-sports.io/football/players/203011.png,Midfielder,180
203153,23,,"",,"","S. Čestić","",6,https://media.api-sports.io/football/players/203153.png,Defender,206
203162,23,,"",,"","C. Bozdoğan","",8,https://media.api-sports.io/football/players/203162.png,Midfielder,207
203224,21,,"",,"","F. Wirtz","",10,https://media.api-sports.io/football/players/203224.png,Midfielder,168
203269,21,,"",,"","Y. Lührs","",49,https://media.api-sports.io/football/players/203269.png,Defender,165
203474,22,,"",,"","N. Zalewski","",59,https://media.api-sports.io/football/players/203474.png,Midfielder,497
203483,22,,"",,"","A. N&apos;Diaye","",3,https://media.api-sports.io/football/players/203483.png,Defender,106
203755,24,,"",,"","D. James","",5,https://media.api-sports.io/football/players/203755.png,Defender,410
203762,21,,"",,"","E. Emegha","",10,https://media.api-sports.io/football/players/203762.png,Attacker,95
203767,22,,"",,"","Amoah Foa Sam","",34,https://media.api-sports.io/football/players/203767.png,Defender,419
203769,22,,"",,"","R. Janse","",31,https://media.api-sports.io/football/players/203769.png,Goalkeeper,413
203777,23,,"",,"","A. El Azzouzi","",6,https://media.api-sports.io/football/players/203777.png,Defender,193
203786,23,,"",,"","J. Dahlhaus","",8,https://media.api-sports.io/football/players/203786.png,Defender,205
203798,23,,"",,"","J. Kesting","",13,https://media.api-sports.io/football/players/203798.png,Goalkeeper,417
204039,22,,"",,"","D. Udogie","",13,https://media.api-sports.io/football/players/204039.png,Defender,47
204043,24,,"",,"","A. Theate","",3,https://media.api-sports.io/football/players/204043.png,Defender,169
206254,21,,"",,"","M. Kerkez","",3,https://media.api-sports.io/football/players/206254.png,Defender,35
207229,22,,"",,"","P. Tschernuth","",34,https://media.api-sports.io/football/players/207229.png,Goalkeeper,180
208190,21,,"",,"","T. Kastanaras","",22,https://media.api-sports.io/football/players/208190.png,Attacker,172
215827,22,,"",,"","F. Oppegård","",35,https://media.api-sports.io/football/players/215827.png,Defender,197
216770,20,,"",,"","I. Hansen-Aarøen","",21,https://media.api-sports.io/football/players/216770.png,Midfielder,162
216809,22,,"",,"","C. Peupion","",32,https://media.api-sports.io/football/players/216809.png,Midfielder,51
226803,22,,"",,"","S. Nanasi","",15,https://media.api-sports.io/football/players/226803.png,Midfielder,95
231029,25,,"",,"","N. Tella","",19,https://media.api-sports.io/football/players/231029.png,Midfielder,168
231032,25,,"",,"","M. Jenz","",3,https://media.api-sports.io/football/players/231032.png,Defender,164
236955,23,,"",,"","A. Sarr","",9,https://media.api-sports.io/football/players/236955.png,Attacker,504
237066,22,,"",,"","Rafa Marín","",16,https://media.api-sports.io/football/players/237066.png,Defender,492
237068,22,,"",,"","A. Balde","",22,https://media.api-sports.io/football/players/237068.png,Attacker,176
237129,22,,"",,"","P. Sarr","",29,https://media.api-sports.io/football/players/237129.png,Midfielder,47
237131,22,,"",,"","S. Mito","",,https://media.api-sports.io/football/players/237131.png,Attacker,426
237191,22,,"",,"","J. Chávez","",13,https://media.api-sports.io/football/players/237191.png,Defender,116
237232,21,,"",,"","H. Ojediran","",15,https://media.api-sports.io/football/players/237232.png,Midfielder,116
237238,22,,"",,"","T. Troost","",49,https://media.api-sports.io/football/players/237238.png,Goalkeeper,203
237249,20,,"",,"","M. Faye","",15,https://media.api-sports.io/football/players/237249.png,Defender,94
237252,22,,"",,"","Pere García","",31,https://media.api-sports.io/football/players/237252.png,Goalkeeper,798
239259,25,,"",,"","D. Al-Saed","",24,https://media.api-sports.io/football/players/239259.png,Attacker,210
260898,24,,"",,"","N. Remberg","",22,https://media.api-sports.io/football/players/260898.png,Midfielder,191
262677,21,,"",,"","J. Breum","",7,https://media.api-sports.io/football/players/262677.png,Attacker,410
263177,23,,"",,"","A. Grønbæk","",7,https://media.api-sports.io/football/players/263177.png,Midfielder,94
263481,22,,"",,"","L. Colombo","",29,https://media.api-sports.io/football/players/263481.png,Attacker,511
263482,22,,"",,"","Nuno Mendes","",25,https://media.api-sports.io/football/players/263482.png,Defender,85
263530,23,,"",,"","Pau Victor","",18,https://media.api-sports.io/football/players/263530.png,Attacker,529
263538,20,,"",,"","Y. Yarmolyuk","",18,https://media.api-sports.io/football/players/263538.png,Midfielder,55
263699,23,,"",,"","A. Fadera","",16,https://media.api-sports.io/football/players/263699.png,Attacker,895
263812,20,,"",,"","L. Romero","",20,https://media.api-sports.io/football/players/263812.png,Attacker,542
264094,21,,"",,"","B. Tahirović","",33,https://media.api-sports.io/football/players/264094.png,Midfielder,194
264383,24,,"",,"","W. Kamanzi","",12,https://media.api-sports.io/football/players/264383.png,Defender,96
264419,24,,"",,"","S. Ltaief","",30,https://media.api-sports.io/football/players/264419.png,Midfielder,415
264470,22,,"",,"","Raul Moro","",11,https://media.api-sports.io/football/players/264470.png,Attacker,720
264472,21,,"",,"","F. Terracciano","",42,https://media.api-sports.io/football/players/264472.png,Midfielder,489
264857,21,,"",,"","L. Bernasconi","",47,https://media.api-sports.io/football/players/264857.png,Defender,499
265363,22,,"",,"","Tiago Tomás","",11,https://media.api-sports.io/football/players/265363.png,Attacker,161
265386,22,,"",,"","D. Javorček","",33,https://media.api-sports.io/football/players/265386.png,Defender,191
265733,20,,"",,"","C. Wiley","",12,https://media.api-sports.io/football/players/265733.png,Defender,95
265782,22,,"",,"","D. Møller Wolfe","",18,https://media.api-sports.io/football/players/265782.png,Defender,201
265784,23,,"",,"","André","",7,https://media.api-sports.io/football/players/265784.png,Midfielder,39
265820,21,,"",,"","Y. Ayari","",26,https://media.api-sports.io/football/players/265820.png,Midfielder,51
265865,20,,"",,"","K. Henry","",44,https://media.api-sports.io/football/players/265865.png,Defender,93
265884,21,,"",,"","P. Aaronson","",21,https://media.api-sports.io/football/players/265884.png,Midfielder,207
266200,22,,"",,"","M. Lahdo","",23,https://media.api-sports.io/football/players/266200.png,Attacker,201
266657,20,,"",,"","Sávio","",26,https://media.api-sports.io/football/players/266657.png,Attacker,50
266813,21,,"",,"","W. Bondo","",38,https://media.api-sports.io/football/players/266813.png,Midfielder,1579
266814,22,,"",,"","Y. Cathline","",20,https://media.api-sports.io/football/players/266814.png,Attacker,207
268341,26,,"",,"","F. Gatti","",4,https://media.api-sports.io/football/players/268341.png,Defender,496
268571,19,,"",,"","E. Bitshiabu","",5,https://media.api-sports.io/football/players/268571.png,Defender,173
268572,21,,"",,"","É. Michut","",20,https://media.api-sports.io/football/players/268572.png,Midfielder,205
268728,22,,"",,"","S. Sazonov","",15,https://media.api-sports.io/football/players/268728.png,Defender,511
268960,21,,"",,"","A. Zakharyan","",8,https://media.api-sports.io/football/players/268960.png,Midfielder,548
269163,20,,"",,"","W. Swedberg","",19,https://media.api-sports.io/football/players/269163.png,Midfielder,538
269531,20,,"",,"","N. Collins","",34,https://media.api-sports.io/football/players/269531.png,Defender,169
270139,23,,"",,"","J. O&apos;Brien","",15,https://media.api-sports.io/football/players/270139.png,Defender,45
270498,20,,"",,"","W. Madrigal","",42,https://media.api-sports.io/football/players/270498.png,Attacker,532
270507,21,,"",,"","C. Casadei","",31,https://media.api-sports.io/football/players/270507.png,Midfielder,49
270508,20,,"",,"","L. Ugochukwu","",26,https://media.api-sports.io/football/players/270508.png,Midfielder,41
270509,21,,"",,"","A. Diouf","",18,https://media.api-sports.io/football/players/270509.png,Midfielder,116
270510,19,,"",,"","M. Tel","",39,https://media.api-sports.io/football/players/270510.png,Attacker,157
270516,22,,"",,"",Peter,"",19,https://media.api-sports.io/football/players/270516.png,Attacker,546
270814,19,,"",,"","J. Bengui João","",30,https://media.api-sports.io/football/players/270814.png,Goalkeeper,80
270973,22,,"",,"","Lucas Alcázar","",43,https://media.api-sports.io/football/players/270973.png,Defender,543
271540,21,,"",,"","O. Camara","",29,https://media.api-sports.io/football/players/271540.png,Defender,77
271542,21,,"",,"","I. Doukouré","",29,https://media.api-sports.io/football/players/271542.png,Defender,95
271581,20,,"",,"","O. Aertssen","",3,https://media.api-sports.io/football/players/271581.png,Defender,193
272091,22,,"",,"","R. Meissen","",,https://media.api-sports.io/football/players/272091.png,Defender,426
272317,25,,"",,"","L. Wouters","",34,https://media.api-sports.io/football/players/272317.png,Defender,417
272454,22,,"",,"","J. Baas","",,https://media.api-sports.io/football/players/272454.png,Midfielder,426
272460,22,,"",,"","Q. Merlin","",3,https://media.api-sports.io/football/players/272460.png,Defender,81
272543,22,,"",,"","C. Driouech","",21,https://media.api-sports.io/football/players/272543.png,Attacker,197
272690,22,,"",,"","S. Westerveld","",13,https://media.api-sports.io/football/players/272690.png,Goalkeeper,201
272691,22,,"",,"","J. Berkhout","",51,https://media.api-sports.io/football/players/272691.png,Defender,201
272695,22,,"",,"","Z. Buurmeester","",28,https://media.api-sports.io/football/players/272695.png,Midfielder,201
272723,23,,"",,"","M. Hilgers","",2,https://media.api-sports.io/football/players/272723.png,Defender,415
272724,23,,"",,"","C. Staring","",6,https://media.api-sports.io/football/players/272724.png,Midfielder,203
272726,23,,"",,"","D. Rots","",11,https://media.api-sports.io/football/players/272726.png,Attacker,415
272731,24,,"",,"","R. Kuijpers","",17,https://media.api-sports.io/football/players/272731.png,Attacker,203
273361,22,,"",,"","S. van Ottele","",6,https://media.api-sports.io/football/players/273361.png,Defender,205
273758,21,,"",,"","I. Samuels","",47,https://media.api-sports.io/football/players/273758.png,Defender,51
274267,22,,"",,"","B. Locko","",2,https://media.api-sports.io/football/players/274267.png,Defender,106
274275,21,,"",,"","B. Pereira","",2,https://media.api-sports.io/football/players/274275.png,Defender,413
274296,21,,"",,"","Y. Lienard","",50,https://media.api-sports.io/football/players/274296.png,Goalkeeper,91
274299,22,,"",,"","Y. Okou","",15,https://media.api-sports.io/football/players/274299.png,Defender,504
274300,22,,"",,"","M. Akliouche","",11,https://media.api-sports.io/football/players/274300.png,Midfielder,91
274312,20,,"",,"","M. Cho","",25,https://media.api-sports.io/football/players/274312.png,Attacker,84
274328,22,,"",,"","S. Sow","",4,https://media.api-sports.io/football/players/274328.png,Defender,95
274355,23,,"",,"","B. Bouchouari","",6,https://media.api-sports.io/football/players/274355.png,Midfielder,1063
274550,21,,"",,"","H. Vale","",,https://media.api-sports.io/football/players/274550.png,Midfielder,49
275053,21,,"",,"","R. Ilie","",18,https://media.api-sports.io/football/players/275053.png,Midfielder,84
275170,23,,"",,"",Danilo,"",28,https://media.api-sports.io/football/players/275170.png,Midfielder,65
275268,23,,"",,"","C. Nadje","",34,https://media.api-sports.io/football/players/275268.png,Midfielder,209
275368,21,,"",,"","T. Negrel","",30,https://media.api-sports.io/football/players/275368.png,Goalkeeper,108
275394,22,,"",,"","A. Hainaut","",20,https://media.api-sports.io/football/players/275394.png,Midfielder,523
275651,21,,"",,"","A. Bonny","",13,https://media.api-sports.io/football/players/275651.png,Attacker,523
275776,22,,"",,"","K. Asllani","",21,https://media.api-sports.io/football/players/275776.png,Midfielder,505
275828,23,,"",,"","M. Aïko","",11,https://media.api-sports.io/football/players/275828.png,Attacker,205
276184,19,,"",,"","M. Sarr","",23,https://media.api-sports.io/football/players/276184.png,Defender,95
276263,21,,"",,"","F. Stevens","",14,https://media.api-sports.io/football/players/276263.png,Defender,186
276670,22,,"",,"","F. Chaïbi","",8,https://media.api-sports.io/football/players/276670.png,Midfielder,169
277003,23,,"",,"","N. El Aynaoui","",23,https://media.api-sports.io/football/players/277003.png,Midfielder,116
277191,23,,"",,"","A. Sima","",17,https://media.api-sports.io/football/players/277191.png,Attacker,106
277752,26,,"",,"","J. Amofa","",25,https://media.api-sports.io/football/players/277752.png,Defender,410
277922,21,,"",,"","C. Twigt","",6,https://media.api-sports.io/football/players/277922.png,Midfielder,410
278041,21,,"",,"","M. Cox","",34,https://media.api-sports.io/football/players/278041.png,Goalkeeper,55
278074,21,,"",,"","S. Oulad M&apos;Hand","",56,https://media.api-sports.io/football/players/278074.png,Midfielder,42
278095,21,,"",,"","J. Rowe","",17,https://media.api-sports.io/football/players/278095.png,Attacker,81
278128,22,,"",,"","J. Wilson-Esbrand","",97,https://media.api-sports.io/football/players/278128.png,Defender,50
278133,21,,"",,"","Oscar Bobb","",52,https://media.api-sports.io/football/players/278133.png,Midfielder,50
278159,21,,"",,"","A. Kaplan","",13,https://media.api-sports.io/football/players/278159.png,Defender,194
278232,22,,"",,"","P. Ekwah","",4,https://media.api-sports.io/football/players/278232.png,Midfielder,1063
278308,21,,"",,"","D. Deen","",31,https://media.api-sports.io/football/players/278308.png,Goalkeeper,201
278392,22,,"",,"","C. Cresswell","",4,https://media.api-sports.io/football/players/278392.png,Defender,96
278619,23,,"",,"","Luíz Júnior","",1,https://media.api-sports.io/football/players/278619.png,Goalkeeper,533
278898,21,,"",,"","C. Riad","",34,https://media.api-sports.io/football/players/278898.png,Defender,52
279822,23,,"",,"","F. Boyomo","",22,https://media.api-sports.io/football/players/279822.png,Defender,727
279868,21,,"",,"","A. MacNulty","",4,https://media.api-sports.io/football/players/279868.png,Defender,193
279875,21,,"",,"","N. Jessen","",40,https://media.api-sports.io/football/players/279875.png,Midfielder,165
279907,20,,"",,"","U. Tohumcu","",17,https://media.api-sports.io/football/players/279907.png,Midfielder,167
280024,21,,"",,"","R. Wagner","",39,https://media.api-sports.io/football/players/280024.png,Midfielder,186
280055,22,,"",,"","L. Kerber","",20,https://media.api-sports.io/football/players/280055.png,Midfielder,180
280074,21,,"",,"","N. Brown","",21,https://media.api-sports.io/football/players/280074.png,Defender,169
280091,21,,"",,"","T. Oermann","",14,https://media.api-sports.io/football/players/280091.png,Defender,176
280317,21,,"",,"","N. Ohio","",11,https://media.api-sports.io/football/players/280317.png,Attacker,207
280334,21,,"",,"","G. Vidović","",17,https://media.api-sports.io/football/players/280334.png,Midfielder,164
280335,21,,"",,"","F. Krätzig","",13,https://media.api-sports.io/football/players/280335.png,Defender,172
280339,21,,"",,"","A. Sieb","",11,https://media.api-sports.io/football/players/280339.png,Attacker,164
280368,20,,"",,"","S. Bamba","",18,https://media.api-sports.io/football/players/280368.png,Attacker,176
280427,21,,"",,"","G. Ranos","",28,https://media.api-sports.io/football/players/280427.png,Attacker,163
280431,21,,"",,"","S. Fofana","",39,https://media.api-sports.io/football/players/280431.png,Midfielder,168
280463,21,,"",,"","S. Ostrzinski","",31,https://media.api-sports.io/football/players/280463.png,Goalkeeper,165
280672,22,,"",,"","E. Turns","",48,https://media.api-sports.io/football/players/280672.png,Defender,51
280687,22,,"",,"","Hugo Bueno","",16,https://media.api-sports.io/football/players/280687.png,Defender,209
280837,23,,"",,"","L. Milani","",22,https://media.api-sports.io/football/players/280837.png,Defender,206
281096,23,,"",,"","P. Masini","",73,https://media.api-sports.io/football/players/281096.png,Midfielder,495
281408,24,,"",,"","Vítinha","",9,https://media.api-sports.io/football/players/281408.png,Attacker,495
281495,22,,"",,"","T. Kristensen","",31,https://media.api-sports.io/football/players/281495.png,Defender,494
281662,24,,"",,"","J. Trenskow","",20,https://media.api-sports.io/football/players/281662.png,Attacker,210
281795,21,,"",,"","Y. Asprilla","",10,https://media.api-sports.io/football/players/281795.png,Midfielder,547
281826,22,,"",,"","A. Marcandalli","",27,https://media.api-sports.io/football/players/281826.png,Defender,495
282125,20,,"",,"","R. Lavia","",45,https://media.api-sports.io/football/players/282125.png,Midfielder,49
282126,20,,"",,"","Carlos Forbs","",26,https://media.api-sports.io/football/players/282126.png,Attacker,39
282136,22,,"",,"","Noam Fritz Emeran","",11,https://media.api-sports.io/football/players/282136.png,Attacker,202
282549,21,,"",,"","J. Mwanga","",18,https://media.api-sports.io/football/players/282549.png,Midfielder,95
282682,22,,"",,"","Alex Jens Kenneth Mortensen","",33,https://media.api-sports.io/football/players/282682.png,Attacker,202
282770,21,,"",,"","Rodrigo Gomes","",19,https://media.api-sports.io/football/players/282770.png,Attacker,39
283058,23,,"",,"","N. Jackson","",15,https://media.api-sports.io/football/players/283058.png,Attacker,49
283216,21,,"",,"","B. Nadir","",34,https://media.api-sports.io/football/players/283216.png,Midfielder,81
283272,20,,"",,"","A. Pond","",46,https://media.api-sports.io/football/players/283272.png,Defender,39
283290,23,,"",,"","K. McAteer","",35,https://media.api-sports.io/football/players/283290.png,Midfielder,46
283323,26,,"",,"","Léo Scienza","",8,https://media.api-sports.io/football/players/283323.png,Midfielder,180
283480,23,,"",,"","B. Fall","",16,https://media.api-sports.io/football/players/283480.png,Goalkeeper,1063
283540,22,,"",,"","G. Beaumont","",36,https://media.api-sports.io/football/players/283540.png,Midfielder,419
283542,22,,"",,"","J. Puriël","",37,https://media.api-sports.io/football/players/283542.png,Attacker,419
283668,21,,"",,"","Arnau Martínez","",4,https://media.api-sports.io/football/players/283668.png,Defender,547
283753,21,,"",,"","N. Veratschnig","",22,https://media.api-sports.io/football/players/283753.png,Defender,164
284071,22,,"",,"","O. Targhalline","",5,https://media.api-sports.io/football/players/284071.png,Midfielder,111
284072,24,,"",,"","B. Dieng","",99,https://media.api-sports.io/football/players/284072.png,Attacker,77
284230,20,,"",,"","R. Lewis","",82,https://media.api-sports.io/football/players/284230.png,Defender,50
284241,21,,"",,"","José Mateo Mejía Piedrahita","",34,https://media.api-sports.io/football/players/284241.png,Attacker,536
284242,20,,"",,"","O. Forson","",20,https://media.api-sports.io/football/players/284242.png,Attacker,1579
284264,20,,"",,"","Juan Larios","",28,https://media.api-sports.io/football/players/284264.png,Defender,41
284280,21,,"",,"","Luke Joseph Butterfield","",69,https://media.api-sports.io/football/players/284280.png,Midfielder,45
284295,21,,"",,"","Zidane Iqbal","",14,https://media.api-sports.io/football/players/284295.png,Midfielder,207
284322,19,,"",,"","K. Mainoo","",37,https://media.api-sports.io/football/players/284322.png,Midfielder,33
284324,20,,"",,"","A. Garnacho","",17,https://media.api-sports.io/football/players/284324.png,Attacker,33
284400,20,,"",,"","Tobias Christopher Collyer","",43,https://media.api-sports.io/football/players/284400.png,Midfielder,33
284409,20,,"",,"","D. Mubama","",67,https://media.api-sports.io/football/players/284409.png,Attacker,50
284417,20,,"",,"","Dante Jamel Cassanova","",59,https://media.api-sports.io/football/players/284417.png,Defender,47
284428,21,,"",,"","O. Hutchinson","",20,https://media.api-sports.io/football/players/284428.png,Attacker,57
284457,20,,"",,"","L. Bogarde","",26,https://media.api-sports.io/football/players/284457.png,Defender,66
284492,20,,"",,"","L. Hall","",20,https://media.api-sports.io/football/players/284492.png,Defender,34
284500,21,,"",,"","T. Iroegbunam","",42,https://media.api-sports.io/football/players/284500.png,Midfielder,45
284523,20,,"",,"","S. Swinkels","",50,https://media.api-sports.io/football/players/284523.png,Defender,66
284557,21,,"",,"","Z. Monlouis","",50,https://media.api-sports.io/football/players/284557.png,Defender,42
284559,21,,"",,"","Alexander Paul Borto","",36,https://media.api-sports.io/football/players/284559.png,Goalkeeper,36
284570,20,,"",,"","B. Norton-Cuffy","",15,https://media.api-sports.io/football/players/284570.png,Defender,495
284795,22,,"",,"","A. Bellaarouch","",36,https://media.api-sports.io/football/players/284795.png,Goalkeeper,95
284797,22,,"",,"","D. Ouattara","",11,https://media.api-sports.io/football/players/284797.png,Attacker,35
285909,21,,"",,"","Pablo Torre","",14,https://media.api-sports.io/football/players/285909.png,Midfielder,529
286084,23,,"",,"","Sergi Altimira","",16,https://media.api-sports.io/football/players/286084.png,Midfielder,543
286271,21,,"",,"",Israel,"",41,https://media.api-sports.io/football/players/286271.png,Attacker,536
286458,21,,"",,"","J. Devenny","",55,https://media.api-sports.io/football/players/286458.png,Midfielder,52
286473,21,,"",,"","F. Carboni","",79,https://media.api-sports.io/football/players/286473.png,Defender,517
286474,22,,"",,"","M. Cancellieri","",22,https://media.api-sports.io/football/players/286474.png,Attacker,523
286475,22,,"",,"","E. Bove","",4,https://media.api-sports.io/football/players/286475.png,Midfielder,502
286559,23,,"",,"","Carlos Domínguez","",24,https://media.api-sports.io/football/players/286559.png,Defender,538
286593,21,,"",,"","Nico Serrano","",22,https://media.api-sports.io/football/players/286593.png,Attacker,531
286595,21,,"",,"","Facundo González","",15,https://media.api-sports.io/football/players/286595.png,Defender,209
286601,21,,"",,"","O. El Hilali","",23,https://media.api-sports.io/football/players/286601.png,Defender,540
286616,22,,"",,"","F. Jörgensen","",12,https://media.api-sports.io/football/players/286616.png,Goalkeeper,49
286623,22,,"",,"","Coke Carrillo","",35,https://media.api-sports.io/football/players/286623.png,Goalkeeper,538
286639,23,,"",,"","Bryan Zaragoza","",19,https://media.api-sports.io/football/players/286639.png,Attacker,727
286728,20,,"",,"","Y. Stein","",39,https://media.api-sports.io/football/players/286728.png,Goalkeeper,182
286795,20,,"",,"","César Fernández","",27,https://media.api-sports.io/football/players/286795.png,Goalkeeper,538
286796,21,,"",,"","Damián Rodríguez","",25,https://media.api-sports.io/football/players/286796.png,Midfielder,538
286894,20,,"",,"","J. Bynoe-Gittens","",43,https://media.api-sports.io/football/players/286894.png,Attacker,165
287109,20,,"",,"","J. McConnell","",53,https://media.api-sports.io/football/players/287109.png,Midfielder,40
287374,22,,"",,"","E. Ekong","",19,https://media.api-sports.io/football/players/287374.png,Attacker,511
287381,21,,"",,"","S. Lagsir","",21,https://media.api-sports.io/football/players/287381.png,Attacker,193
287438,23,,"",,"","Ekain Azkune","",36,https://media.api-sports.io/football/players/287438.png,Attacker,531
287652,23,,"",,"","Jon Magunazelaia","",25,https://media.api-sports.io/football/players/287652.png,Midfielder,548
287868,19,,"",,"","Max Merrick","",50,https://media.api-sports.io/football/players/287868.png,Goalkeeper,49
287927,20,,"",,"","J. Diehl","",17,https://media.api-sports.io/football/players/287927.png,Attacker,172
287941,20,,"",,"","K. Reitmaier","",,https://media.api-sports.io/football/players/287941.png,Goalkeeper,426
287993,22,,"",,"","N. Cheung","",15,https://media.api-sports.io/football/players/287993.png,Midfielder,417
288006,21,,"",,"","R. Højlund","",9,https://media.api-sports.io/football/players/288006.png,Attacker,33
288097,20,,"",,"","L. Petersson","",36,https://media.api-sports.io/football/players/288097.png,Goalkeeper,167
288102,20,,"",,"","A. Wharton","",20,https://media.api-sports.io/football/players/288102.png,Midfielder,52
288112,20,,"",,"","Willy Kambwala Ndengushi","",5,https://media.api-sports.io/football/players/288112.png,Defender,533
288116,20,,"",,"","K. Casey","",42,https://media.api-sports.io/football/players/288116.png,Defender,48
288206,21,,"",,"","L. Querfeld","",14,https://media.api-sports.io/football/players/288206.png,Defender,182
288384,22,,"",,"","Mikel Goti","",30,https://media.api-sports.io/football/players/288384.png,Midfielder,548
288699,21,,"",,"","M. Perrone","",23,https://media.api-sports.io/football/players/288699.png,Midfielder,895
288769,21,,"",,"","T. Baldanzi","",35,https://media.api-sports.io/football/players/288769.png,Midfielder,497
288800,22,,"",,"","Iker Benito","",27,https://media.api-sports.io/football/players/288800.png,Attacker,727
289304,21,,"",,"","A. Joujou","",21,https://media.api-sports.io/football/players/289304.png,Attacker,111
289460,23,,"",,"","J. Malatini","",22,https://media.api-sports.io/football/players/289460.png,Defender,162
289555,22,,"",,"","L. Mouton","",14,https://media.api-sports.io/football/players/289555.png,Midfielder,1063
289761,21,,"",,"","G. Scalvini","",42,https://media.api-sports.io/football/players/289761.png,Defender,499
290046,26,,"",,"","A. Makoumbou","",29,https://media.api-sports.io/football/players/290046.png,Midfielder,490
290106,21,,"",,"","Pablo Marín","",28,https://media.api-sports.io/football/players/290106.png,Midfielder,548
290544,21,,"",,"","A. van Lare","",37,https://media.api-sports.io/football/players/290544.png,Goalkeeper,203
290548,21,,"",,"","M. Nassoh","",,https://media.api-sports.io/football/players/290548.png,Midfielder,426
290549,21,,"",,"","J. Bakayoko","",11,https://media.api-sports.io/football/players/290549.png,Attacker,197
290635,23,,"",,"","C. Neghli","",,https://media.api-sports.io/football/players/290635.png,Attacker,426
290686,21,,"",,"","Rafael Romero","",32,https://media.api-sports.io/football/players/290686.png,Goalkeeper,536
290694,21,,"",,"","M. Schut","",41,https://media.api-sports.io/football/players/290694.png,Goalkeeper,195
290740,20,,"",,"","Ilias Akhomach","",11,https://media.api-sports.io/football/players/290740.png,Attacker,533
290807,20,,"",,"","V. Vlahović","",48,https://media.api-sports.io/football/players/290807.png,Attacker,499
291418,20,,"",,"","S. Jansen","",30,https://media.api-sports.io/football/players/291418.png,Goalkeeper,410
291505,21,,"",,"","S. Resink","",6,https://media.api-sports.io/football/players/291505.png,Midfielder,202
291589,27,,"",,"","Kialonda Gaspar","",4,https://media.api-sports.io/football/players/291589.png,Defender,867
291649,23,,"",,"",Vanderson,"",2,https://media.api-sports.io/football/players/291649.png,Defender,91
291964,19,,"",,"","A. Güler","",15,https://media.api-sports.io/football/players/291964.png,Midfielder,541
291994,22,,"",,"","M. Bruns","",38,https://media.api-sports.io/football/players/291994.png,Midfielder,415
293297,21,,"",,"","J. Patrick","",31,https://media.api-sports.io/football/players/293297.png,Midfielder,546
293604,22,,"",,"","Javi Llabrés","",19,https://media.api-sports.io/football/players/293604.png,Attacker,798
293643,20,,"",,"","I. Osman","",38,https://media.api-sports.io/football/players/293643.png,Attacker,209
294684,21,,"",,"","Y. Baas","",15,https://media.api-sports.io/football/players/294684.png,Defender,194
295383,22,,"",,"","Adrián Pica","",36,https://media.api-sports.io/football/players/295383.png,Defender,542
296560,23,,"",,"","J. Tchatchoua","",38,https://media.api-sports.io/football/players/296560.png,Defender,504
296642,24,,"",,"","M. Balard","",16,https://media.api-sports.io/football/players/296642.png,Midfielder,203
296667,20,,"",,"",Gavi,"",6,https://media.api-sports.io/football/players/296667.png,Midfielder,529
296757,22,,"",,"","Jon Balda","",33,https://media.api-sports.io/football/players/296757.png,Defender,548
297304,22,,"",,"","D. Camara","",46,https://media.api-sports.io/football/players/297304.png,Attacker,547
297311,22,,"",,"","Kike Salas","",4,https://media.api-sports.io/football/players/297311.png,Defender,536
297579,20,,"",,"","C. Traorè","",70,https://media.api-sports.io/football/players/297579.png,Attacker,489
297583,20,,"",,"","J. Mitchell","",20,https://media.api-sports.io/football/players/297583.png,Defender,209
297640,20,,"",,"","Roman Dixon","",75,https://media.api-sports.io/football/players/297640.png,Defender,45
297646,21,,"",,"","D. Luna","",33,https://media.api-sports.io/football/players/297646.png,Midfielder,798
297742,22,,"",,"","Antoniu Roca","",31,https://media.api-sports.io/football/players/297742.png,Attacker,540
297744,21,,"",,"","Carlos Giménez","",41,https://media.api-sports.io/football/players/297744.png,Defender,530
298042,21,,"",,"","J. Mukeh","",44,https://media.api-sports.io/football/players/298042.png,Defender,207
298064,21,,"",,"","David Torres","",3,https://media.api-sports.io/football/players/298064.png,Defender,720
299813,22,,"",,"","Ali Al Hamadi","",16,https://media.api-sports.io/football/players/299813.png,Attacker,57
299817,21,,"",,"","K. Gadellaa","",33,https://media.api-sports.io/football/players/299817.png,Goalkeeper,207
301295,20,,"",,"","K. Rodney","",42,https://media.api-sports.io/football/players/301295.png,Midfielder,52
301714,19,,"",,"","Owen Barker","",79,https://media.api-sports.io/football/players/301714.png,Midfielder,45
301771,22,,"",,"","S. Adingra","",11,https://media.api-sports.io/football/players/301771.png,Attacker,51
302051,23,,"",,"","S. Cissé","",8,https://media.api-sports.io/football/players/302051.png,Midfielder,537
302277,22,,"",,"","Rubén Gómez","",55,https://media.api-sports.io/football/players/302277.png,Goalkeeper,533
302432,22,,"",,"","A. Bianco","",42,https://media.api-sports.io/football/players/302432.png,Midfielder,1579
302595,23,,"",,"","E. Staugaard","",36,https://media.api-sports.io/football/players/302595.png,Defender,186
303010,20,,"",,"","Daniel Gore","",44,https://media.api-sports.io/football/players/303010.png,Midfielder,33
303019,19,,"",,"","N. Fraser","",,https://media.api-sports.io/football/players/303019.png,Attacker,39
303115,22,,"",,"","E. Eto&apos;o Pineda","",28,https://media.api-sports.io/football/players/303115.png,Attacker,728
303378,21,,"",,"","Javi Serrano","",29,https://media.api-sports.io/football/players/303378.png,Midfielder,530
303467,20,,"",,"","A. Fatawu","",7,https://media.api-sports.io/football/players/303467.png,Attacker,46
304316,20,,"",,"","Henry Cartwright","",49,https://media.api-sports.io/football/players/304316.png,Midfielder,46
304317,18,,"",,"","T. Dibling","",33,https://media.api-sports.io/football/players/304317.png,Midfielder,41
304383,25,,"",,"","T. Allende","",23,https://media.api-sports.io/football/players/304383.png,Attacker,538
304686,23,,"",,"","Arthur Chaves","",35,https://media.api-sports.io/football/players/304686.png,Defender,167
304853,21,,"",,"","A. Scott","",8,https://media.api-sports.io/football/players/304853.png,Midfielder,35
305730,19,,"",,"","J. Hinshelwood","",41,https://media.api-sports.io/football/players/305730.png,Midfielder,51
305733,19,,"",,"","W. Alves","",37,https://media.api-sports.io/football/players/305733.png,Midfielder,46
305736,20,,"",,"","Kobei Moore","",77,https://media.api-sports.io/football/players/305736.png,Attacker,66
305816,21,,"",,"",Metinho,"",,https://media.api-sports.io/football/players/305816.png,Midfielder,426
305819,21,,"",,"",Kayky,"",,https://media.api-sports.io/football/players/305819.png,Attacker,426
305834,20,,"",,"","Andrey Santos","",8,https://media.api-sports.io/football/players/305834.png,Midfielder,95
306263,20,,"",,"","Richard Olise","",,https://media.api-sports.io/football/players/306263.png,Defender,49
306338,23,,"",,"","M. Ivezić","",6,https://media.api-sports.io/football/players/306338.png,Midfielder,191
306727,20,,"",,"","J. Solis","",22,https://media.api-sports.io/football/players/306727.png,Midfielder,547
306952,22,,"",,"","A. Kaied","",14,https://media.api-sports.io/football/players/306952.png,Attacker,203
307103,21,,"",,"","D. González","",,https://media.api-sports.io/football/players/307103.png,Attacker,487
307123,19,,"",,"","N. O&apos;Reilly","",75,https://media.api-sports.io/football/players/307123.png,Midfielder,50
307224,21,,"",,"",Piri,"",40,https://media.api-sports.io/football/players/307224.png,Attacker,537
307426,22,,"",,"","A. Nagalo","",39,https://media.api-sports.io/football/players/307426.png,Defender,197
307565,21,,"",,"","T. Ojeda","",38,https://media.api-sports.io/football/players/307565.png,Attacker,533
307835,21,,"",,"",Beraldo,"",35,https://media.api-sports.io/football/players/307835.png,Defender,85
308346,21,,"",,"","Alberto Flores","",31,https://media.api-sports.io/football/players/308346.png,Goalkeeper,536
308673,20,,"",,"","Andrea Sergio Mazza","",69,https://media.api-sports.io/football/players/308673.png,Goalkeeper,1579
308678,19,,"",,"","Dário Essugo","",29,https://media.api-sports.io/football/players/308678.png,Midfielder,534
308836,22,,"",,"","M. Keita","",16,https://media.api-sports.io/football/players/308836.png,Midfielder,523
308843,19,,"",,"","T. Patterson","",66,https://media.api-sports.io/football/players/308843.png,Defender,66
309364,22,,"",,"",Coba,"",29,https://media.api-sports.io/football/players/309364.png,Attacker,546
309388,21,,"",,"","M. Prati","",16,https://media.api-sports.io/football/players/309388.png,Midfielder,490
309506,20,,"",,"","J. Robinson","",61,https://media.api-sports.io/football/players/309506.png,Defender,42
309766,20,,"",,"","C. Setford","",51,https://media.api-sports.io/football/players/309766.png,Goalkeeper,194
309917,21,,"",,"","Álvaro Aceves","",36,https://media.api-sports.io/football/players/309917.png,Goalkeeper,720
309920,23,,"",,"","M. Sahi","",11,https://media.api-sports.io/football/players/309920.png,Attacker,95
310109,22,,"",,"","D. Ankeye","",30,https://media.api-sports.io/football/players/310109.png,Attacker,495
310193,21,,"",,"",Saliou,"",34,https://media.api-sports.io/football/players/310193.png,Defender,534
311067,20,,"",,"","S. Castro","",9,https://media.api-sports.io/football/players/311067.png,Attacker,500
311157,20,,"",,"","Matheus França","",11,https://media.api-sports.io/football/players/311157.png,Attacker,52
311334,20,,"",,"","F. Buonanotte","",40,https://media.api-sports.io/football/players/311334.png,Midfielder,46
311344,21,,"",,"","A. Véliz","",9,https://media.api-sports.io/football/players/311344.png,Attacker,540
311360,21,,"",,"","T. Palacios","",42,https://media.api-sports.io/football/players/311360.png,Defender,505
311773,22,,"",,"","S. Mouriño","",12,https://media.api-sports.io/football/players/311773.png,Defender,542
311817,19,,"",,"","A. Dorrington","",48,https://media.api-sports.io/football/players/311817.png,Defender,47
312260,18,,"",,"","K. Young","",72,https://media.api-sports.io/football/players/312260.png,Attacker,66
312468,21,,"",,"","Álex Padilla","",26,https://media.api-sports.io/football/players/312468.png,Goalkeeper,531
312837,20,,"",,"","L. Zeefuik","",25,https://media.api-sports.io/football/players/312837.png,Attacker,201
312838,20,,"",,"","M. Dekker","",22,https://media.api-sports.io/football/players/312838.png,Defender,201
312840,20,,"",,"","E. Poku","",21,https://media.api-sports.io/football/players/312840.png,Attacker,201
312841,19,,"",,"","E. van de Blaak","",31,https://media.api-sports.io/football/players/312841.png,Defender,197
312985,20,,"",,"","S. Vignato","",80,https://media.api-sports.io/football/players/312985.png,Attacker,1579
312999,21,,"",,"","E. Piana","",66,https://media.api-sports.io/football/players/312999.png,Goalkeeper,494
313009,22,,"",,"","Rickson van Hees","",42,https://media.api-sports.io/football/players/313009.png,Defender,207
313078,19,,"",,"","I. Babadi","",26,https://media.api-sports.io/football/players/313078.png,Midfielder,197
313168,21,,"",,"","Ferrán Ruiz","",45,https://media.api-sports.io/football/players/313168.png,Defender,547
313196,22,,"",,"","J. Urbáez","",34,https://media.api-sports.io/football/players/313196.png,Defender,537
313236,17,,"",,"","E. Nwaneri","",53,https://media.api-sports.io/football/players/313236.png,Midfielder,42
313245,18,,"",,"","M. Lewis-Skelly","",49,https://media.api-sports.io/football/players/313245.png,Midfielder,42
313562,21,,"",,"","Eneko Ortiz","",34,https://media.api-sports.io/football/players/313562.png,Defender,542
313651,21,,"",,"","Hugo Sotelo","",33,https://media.api-sports.io/football/players/313651.png,Midfielder,538
313937,20,,"",,"","A. Mendy","",33,https://media.api-sports.io/football/players/313937.png,Defender,84
313941,22,,"",,"","A. Gaaei","",3,https://media.api-sports.io/football/players/313941.png,Defender,194
314078,19,,"",,"","J. Talvitie","",23,https://media.api-sports.io/football/players/314078.png,Attacker,206
314231,22,,"",,"","A. Richardson","",24,https://media.api-sports.io/football/players/314231.png,Midfielder,502
314232,20,,"",,"","M. Bodmer","",12,https://media.api-sports.io/football/players/314232.png,Midfielder,111
314254,20,,"",,"","A. Raimondo","",45,https://media.api-sports.io/football/players/314254.png,Attacker,517
314264,19,,"",,"","T. Blokzijl","",3,https://media.api-sports.io/football/players/314264.png,Defender,202
314266,21,,"",,"","L. Valente","",10,https://media.api-sports.io/football/players/314266.png,Midfielder,202
314267,21,,"",,"","T. de Jonge","",18,https://media.api-sports.io/football/players/314267.png,Midfielder,202
314285,20,,"",,"","N. Hopland","",17,https://media.api-sports.io/football/players/314285.png,Defender,210
314511,19,,"",,"","A. Nusa","",7,https://media.api-sports.io/football/players/314511.png,Midfielder,173
315237,21,,"",,"","W. Osula","",18,https://media.api-sports.io/football/players/315237.png,Attacker,34
315604,21,,"",,"","Alejandro Iturbe","",33,https://media.api-sports.io/football/players/315604.png,Goalkeeper,530
315699,21,,"",,"","Javi Guerra","",8,https://media.api-sports.io/football/players/315699.png,Midfielder,532
315701,21,,"",,"","Rubo Iranzo","",31,https://media.api-sports.io/football/players/315701.png,Defender,532
315880,20,,"",,"","P. Andreev","",21,https://media.api-sports.io/football/players/315880.png,Goalkeeper,209
316517,20,,"",,"","A. Matturro","",33,https://media.api-sports.io/football/players/316517.png,Defender,495
318053,20,,"",,"","S. Goglichidze","",2,https://media.api-sports.io/football/players/318053.png,Defender,511
318056,20,,"",,"","A. Murphy","",37,https://media.api-sports.io/football/players/318056.png,Defender,34
318531,20,,"",,"","Y. Borges Sanches","",38,https://media.api-sports.io/football/players/318531.png,Attacker,163
319517,19,,"",,"","A. Milambo","",27,https://media.api-sports.io/football/players/319517.png,Midfielder,209
319572,20,,"",,"","V. Barco","",19,https://media.api-sports.io/football/players/319572.png,Defender,536
319858,25,,"",,"","H. Koudossou","",44,https://media.api-sports.io/football/players/319858.png,Defender,170
319915,21,,"",,"","F. Stam","",22,https://media.api-sports.io/football/players/319915.png,Defender,202
319919,23,,"",,"","O. El Azzouzi","",17,https://media.api-sports.io/football/players/319919.png,Midfielder,500
319928,21,,"",,"","D. Verduin","",41,https://media.api-sports.io/football/players/319928.png,Goalkeeper,193
320335,20,,"",,"","J. Abankwah","",4,https://media.api-sports.io/football/players/320335.png,Defender,494
320517,23,,"",,"","Pablo Durán","",18,https://media.api-sports.io/football/players/320517.png,Attacker,538
321744,22,,"",,"","A. Obert","",33,https://media.api-sports.io/football/players/321744.png,Defender,490
321746,21,,"",,"","A. Engwanda","",27,https://media.api-sports.io/football/players/321746.png,Midfielder,207
322305,19,,"",,"","J. O&apos;Brien-Whitmarsh","",60,https://media.api-sports.io/football/players/322305.png,Midfielder,41
322508,20,,"",,"","Y. Kabadayı","",7,https://media.api-sports.io/football/players/322508.png,Attacker,170
322560,20,,"",,"","L. Stassin","",32,https://media.api-sports.io/football/players/322560.png,Attacker,1063
322595,22,,"",,"","L. Coulibaly","",21,https://media.api-sports.io/football/players/322595.png,Midfielder,108
322627,19,,"",,"","F. Chiarodia","",2,https://media.api-sports.io/football/players/322627.png,Defender,163
322630,21,,"",,"","G. Fabbian","",80,https://media.api-sports.io/football/players/322630.png,Midfielder,500
322868,21,,"",,"","M. Benita","",2,https://media.api-sports.io/football/players/322868.png,Defender,206
322879,20,,"",,"","R. Nyakossi","",46,https://media.api-sports.io/football/players/322879.png,Defender,81
323009,19,,"",,"","Miodrag Pivaš","",15,https://media.api-sports.io/football/players/323009.png,Defender,195
323449,22,,"",,"","A. Al Dakhil","",2,https://media.api-sports.io/football/players/323449.png,Defender,172
323625,20,,"",,"","K. Danois","",27,https://media.api-sports.io/football/players/323625.png,Midfielder,108
323935,22,,"",,"","G. Simeone","",22,https://media.api-sports.io/football/players/323935.png,Attacker,530
323936,21,,"",,"","M. Soulé","",18,https://media.api-sports.io/football/players/323936.png,Attacker,497
323974,25,,"",,"","E. Saad","",26,https://media.api-sports.io/football/players/323974.png,Attacker,186
324750,22,,"",,"","Carlos Martín","",15,https://media.api-sports.io/football/players/324750.png,Attacker,542
324957,20,,"",,"","T. Rothe","",15,https://media.api-sports.io/football/players/324957.png,Defender,182
325140,21,,"",,"","J. Smith","",40,https://media.api-sports.io/football/players/325140.png,Midfielder,540
325346,19,,"",,"","G. Restes","",50,https://media.api-sports.io/football/players/325346.png,Goalkeeper,96
325365,23,,"",,"","L. Everink","",24,https://media.api-sports.io/football/players/325365.png,Defender,410
325415,22,,"",,"","N. Aberdin","",27,https://media.api-sports.io/football/players/325415.png,Defender,546
325491,22,,"",,"","Fer Rodríguez","",33,https://media.api-sports.io/football/players/325491.png,Midfielder,537
325594,21,,"",,"","F. Lemaréchal","",6,https://media.api-sports.io/football/players/325594.png,Midfielder,95
325845,21,,"",,"","L. Smans","",14,https://media.api-sports.io/football/players/325845.png,Midfielder,210
325975,19,,"",,"","T. Bischof","",7,https://media.api-sports.io/football/players/325975.png,Midfielder,167
326067,22,,"",,"","A. Hadj-Moussa","",23,https://media.api-sports.io/football/players/326067.png,Attacker,209
326068,21,,"",,"","K. Doumbia","",9,https://media.api-sports.io/football/players/326068.png,Midfielder,106
326073,21,,"",,"","R. Labeau Lascary","",36,https://media.api-sports.io/football/players/326073.png,Attacker,116
326088,20,,"",,"","K. Fayad","",22,https://media.api-sports.io/football/players/326088.png,Midfielder,82
326176,21,,"",,"","S. Magassa","",88,https://media.api-sports.io/football/players/326176.png,Midfielder,91
326773,20,,"",,"","E. McJannett","",27,https://media.api-sports.io/football/players/326773.png,Midfielder,867
326976,21,,"",,"","T. Pouilly","",34,https://media.api-sports.io/football/players/326976.png,Midfielder,116
327495,21,,"",,"","Álvaro Abajas","",36,https://media.api-sports.io/football/players/327495.png,Goalkeeper,537
327496,21,,"",,"","Rodrigo Abajas","",39,https://media.api-sports.io/football/players/327496.png,Defender,532
327622,22,,"",,"","Naim García","",27,https://media.api-sports.io/football/players/327622.png,Midfielder,537
327628,21,,"",,"","Ricard Artero","",36,https://media.api-sports.io/football/players/327628.png,Midfielder,547
327631,20,,"",,"","H. Diarra","",19,https://media.api-sports.io/football/players/327631.png,Midfielder,95
327646,20,,"",,"","L. Ullrich","",26,https://media.api-sports.io/football/players/327646.png,Defender,163
327660,20,,"",,"","A. Wagbe","",28,https://media.api-sports.io/football/players/327660.png,Midfielder,191
327730,19,,"",,"","O. Scarles","",57,https://media.api-sports.io/football/players/327730.png,Defender,48
327733,19,,"",,"","Sam Rak-Sakyi","",51,https://media.api-sports.io/football/players/327733.png,Midfielder,49
327738,19,,"",,"","L. De Fougerolles","",44,https://media.api-sports.io/football/players/327738.png,Defender,36
327763,20,,"",,"","R. Burnete","",23,https://media.api-sports.io/football/players/327763.png,Attacker,867
327811,21,,"",,"","H. Korkmazyürek","",39,https://media.api-sports.io/football/players/327811.png,Midfielder,205
327831,20,,"",,"","A. Kemlein","",36,https://media.api-sports.io/football/players/327831.png,Midfielder,182
327861,19,,"",,"","T. Drexler","",4,https://media.api-sports.io/football/players/327861.png,Defender,167
327874,20,,"",,"","R. Paula","",11,https://media.api-sports.io/football/players/327874.png,Midfielder,203
327887,20,,"",,"","Luka Janes","",36,https://media.api-sports.io/football/players/327887.png,Midfielder,180
327895,19,,"",,"","P. Wanner","",10,https://media.api-sports.io/football/players/327895.png,Midfielder,180
327897,19,,"",,"","A. Ibrahimović","",20,https://media.api-sports.io/football/players/327897.png,Attacker,157
327956,20,,"",,"","David Preu","",45,https://media.api-sports.io/football/players/327956.png,Attacker,182
327993,19,,"",,"","D. Seimen","",41,https://media.api-sports.io/football/players/327993.png,Goalkeeper,172
328008,20,,"",,"","Frank  Feller","",40,https://media.api-sports.io/football/players/328008.png,Goalkeeper,180
328019,20,,"",,"","M. Kücüksahin","",42,https://media.api-sports.io/football/players/328019.png,Midfielder,170
328033,20,,"",,"","A. Pavlović","",45,https://media.api-sports.io/football/players/328033.png,Midfielder,157
328046,22,,"",,"","I. Koné","",51,https://media.api-sports.io/football/players/328046.png,Midfielder,81
328074,20,,"",,"","J. James","",17,https://media.api-sports.io/football/players/328074.png,Midfielder,94
328089,18,,"",,"","A. Gray","",14,https://media.api-sports.io/football/players/328089.png,Midfielder,47
328098,19,,"",,"","H. Ogunneye","",75,https://media.api-sports.io/football/players/328098.png,Defender,33
328105,18,,"",,"","L. Miley","",67,https://media.api-sports.io/football/players/328105.png,Midfielder,34
328115,18,,"",,"","Martin Sherif","",67,https://media.api-sports.io/football/players/328115.png,Attacker,45
328141,23,,"",,"","T. Beelen","",3,https://media.api-sports.io/football/players/328141.png,Defender,209
328193,20,,"",,"","N. Schiks","",24,https://media.api-sports.io/football/players/328193.png,Goalkeeper,197
328214,20,,"",,"","M. Loune","",,https://media.api-sports.io/football/players/328214.png,Midfielder,169
328225,20,,"",,"","B. Gruda","",8,https://media.api-sports.io/football/players/328225.png,Midfielder,51
328617,18,,"",,"","William Cole Campbell","",37,https://media.api-sports.io/football/players/328617.png,Attacker,165
328648,24,,"",,"","S. Babicka","",80,https://media.api-sports.io/football/players/328648.png,Attacker,96
328670,22,,"",,"","Y. Taha","",19,https://media.api-sports.io/football/players/328670.png,Attacker,415
329209,21,,"",,"","A. Camblan","",11,https://media.api-sports.io/football/players/329209.png,Midfielder,106
329344,20,,"",,"","Ben Perry","",59,https://media.api-sports.io/football/players/329344.png,Midfielder,65
329347,19,,"",,"","O. Kellyman","",37,https://media.api-sports.io/football/players/329347.png,Attacker,49
329357,18,,"",,"","Z. Abbott","",44,https://media.api-sports.io/football/players/329357.png,Defender,65
329472,20,,"",,"","N. Jahn","",16,https://media.api-sports.io/football/players/329472.png,Midfielder,176
329578,20,,"",,"","M. Backhaus","",30,https://media.api-sports.io/football/players/329578.png,Goalkeeper,162
329720,21,,"",,"","Hugo Álvarez","",30,https://media.api-sports.io/football/players/329720.png,Midfielder,538
329722,20,,"",,"","Yoel Lago","",29,https://media.api-sports.io/football/players/329722.png,Defender,538
329725,21,,"",,"","Arnau Rafús","",26,https://media.api-sports.io/football/players/329725.png,Goalkeeper,720
329728,21,,"",,"","Marc Casadó","",17,https://media.api-sports.io/football/players/329728.png,Midfielder,529
330288,22,,"",,"","Rafael Fernandes","",28,https://media.api-sports.io/football/players/330288.png,Defender,79
330412,20,,"",,"","Youssef Chermiti","",17,https://media.api-sports.io/football/players/330412.png,Attacker,45
330436,20,,"",,"","David Jiménez","",38,https://media.api-sports.io/football/players/330436.png,Defender,541
330437,19,,"",,"","Álex Jiménez","",20,https://media.api-sports.io/football/players/330437.png,Defender,489
330456,20,,"",,"","A. Guessand","",37,https://media.api-sports.io/football/players/330456.png,Defender,494
330528,20,,"",,"","J. van der Wilt","",31,https://media.api-sports.io/football/players/330528.png,Goalkeeper,419
330599,19,,"",,"","Iker Bravo","",21,https://media.api-sports.io/football/players/330599.png,Attacker,494
330612,19,,"",,"","T. Buchmann","",28,https://media.api-sports.io/football/players/330612.png,Defender,157
330986,18,,"",,"","M. Golding","",34,https://media.api-sports.io/football/players/330986.png,Midfielder,46
331004,20,,"",,"","Chuky San José","",28,https://media.api-sports.io/football/players/331004.png,Midfielder,720
331046,21,,"",,"","I. Doumbia","",97,https://media.api-sports.io/football/players/331046.png,Midfielder,517
331330,22,,"",,"","Matías Árbol","",33,https://media.api-sports.io/football/players/331330.png,Goalkeeper,536
331607,20,,"",,"","Manu Bueno","",28,https://media.api-sports.io/football/players/331607.png,Midfielder,536
331678,21,,"",,"","H. Meister","",19,https://media.api-sports.io/football/players/331678.png,Attacker,94
332302,21,,"",,"","Oier Gastesi","",34,https://media.api-sports.io/football/players/332302.png,Goalkeeper,531
332304,21,,"",,"","Raúl Chasco","",30,https://media.api-sports.io/football/players/332304.png,Defender,720
332308,21,,"",,"","Unai Gómez","",20,https://media.api-sports.io/football/players/332308.png,Midfielder,531
332645,22,,"",,"","Mikel Rodríguez","",44,https://media.api-sports.io/football/players/332645.png,Midfielder,548
333116,20,,"",,"","R. Belahyane","",6,https://media.api-sports.io/football/players/333116.png,Midfielder,504
333118,20,,"",,"","L. Mincarelli Davin","",21,https://media.api-sports.io/football/players/333118.png,Defender,82
333137,20,,"",,"","K. Ouattara","",20,https://media.api-sports.io/football/players/333137.png,Defender,91
333292,21,,"",,"","Pelayo Fernández","",27,https://media.api-sports.io/football/players/333292.png,Defender,728
333373,20,,"",,"","Gorka Rivera","",30,https://media.api-sports.io/football/players/333373.png,Defender,546
333378,21,,"",,"","Diego Méndez","",29,https://media.api-sports.io/football/players/333378.png,Midfielder,728
333379,21,,"",,"","Antonio Gomis","",31,https://media.api-sports.io/football/players/333379.png,Goalkeeper,530
333447,22,,"",,"","Raul Martínez","",37,https://media.api-sports.io/football/players/333447.png,Midfielder,547
333502,22,,"",,"","Miguel Román","",34,https://media.api-sports.io/football/players/333502.png,Midfielder,538
333672,22,,"",,"","César Tárrega","",15,https://media.api-sports.io/football/players/333672.png,Defender,532
333682,20,,"",,"","Cristhian Mosquera","",3,https://media.api-sports.io/football/players/333682.png,Defender,532
334035,18,,"",,"","S. Amo-Ameyaw","",27,https://media.api-sports.io/football/players/334035.png,Midfielder,41
334037,18,,"",,"","Tyrique George","",32,https://media.api-sports.io/football/players/334037.png,Attacker,49
334042,19,,"",,"","Kaiden Wilson","",,https://media.api-sports.io/football/players/334042.png,Defender,49
334092,19,,"",,"","Noah Pesch","",23,https://media.api-sports.io/football/players/334092.png,Midfielder,163
334334,20,,"",,"","K. Topp","",42,https://media.api-sports.io/football/players/334334.png,Attacker,162
334429,21,,"",,"","O. Diakité","",22,https://media.api-sports.io/football/players/334429.png,Attacker,93
334574,20,,"",,"","Ángel Ortiz","",40,https://media.api-sports.io/football/players/334574.png,Attacker,543
334879,20,,"",,"","B. Bouanani","",19,https://media.api-sports.io/football/players/334879.png,Midfielder,84
334914,19,,"",,"","S. Kumbedi","",20,https://media.api-sports.io/football/players/334914.png,Defender,80
334952,21,,"",,"","R. Messali","",22,https://media.api-sports.io/football/players/334952.png,Midfielder,96
335034,20,,"",,"","Pablo Rivera","",37,https://media.api-sports.io/football/players/335034.png,Midfielder,536
335051,20,,"",,"","João Neves","",87,https://media.api-sports.io/football/players/335051.png,Midfielder,85
335056,20,,"",,"","Diego Moreira","",7,https://media.api-sports.io/football/players/335056.png,Attacker,95
335057,21,,"",,"","Darío Benavides","",29,https://media.api-sports.io/football/players/335057.png,Defender,536
335064,20,,"",,"","N. Buayi-Kiala","",8,https://media.api-sports.io/football/players/335064.png,Midfielder,108
335069,22,,"",,"","R. Fosso","",80,https://media.api-sports.io/football/players/335069.png,Midfielder,205
335071,21,,"",,"","M. Berisha","",5,https://media.api-sports.io/football/players/335071.png,Midfielder,867
335094,20,,"",,"","H. Larsson","",16,https://media.api-sports.io/football/players/335094.png,Midfielder,169
335101,20,,"",,"","J. Rouhi","",40,https://media.api-sports.io/football/players/335101.png,Defender,496
335102,20,,"",,"","L. Hasa","",40,https://media.api-sports.io/football/players/335102.png,Midfielder,867
335117,20,,"",,"","G. Daffara","",38,https://media.api-sports.io/football/players/335117.png,Goalkeeper,496
335335,19,,"",,"","Julian Dean Rijkhoff","",19,https://media.api-sports.io/football/players/335335.png,Attacker,194
336031,19,,"",,"","P. Hennrich","",39,https://media.api-sports.io/football/players/336031.png,Midfielder,167
336224,20,,"",,"","M. Pannewig","",24,https://media.api-sports.io/football/players/336224.png,Midfielder,176
336233,20,,"",,"","M. Tolba","",25,https://media.api-sports.io/football/players/336233.png,Defender,176
336562,21,,"",,"","D. Weidmann","",30,https://media.api-sports.io/football/players/336562.png,Midfielder,417
336564,20,,"",,"","W. Odobert","",28,https://media.api-sports.io/football/players/336564.png,Attacker,47
336573,20,,"",,"","E. İlkhan","",26,https://media.api-sports.io/football/players/336573.png,Midfielder,503
336578,20,,"",,"","J. Banel","",49,https://media.api-sports.io/football/players/336578.png,Attacker,194
336580,19,,"",,"","S. Vos","",55,https://media.api-sports.io/football/players/336580.png,Midfielder,489
336581,20,,"",,"","J. Brandes","",41,https://media.api-sports.io/football/players/336581.png,Midfielder,194
336582,20,,"",,"","T. Gooijer","",47,https://media.api-sports.io/football/players/336582.png,Defender,193
336585,20,,"",,"","Mateus Fernandes","",18,https://media.api-sports.io/football/players/336585.png,Midfielder,41
336590,20,,"",,"","Aitor Gismera","",28,https://media.api-sports.io/football/players/336590.png,Midfielder,530
336594,21,,"",,"","Pablo Barrios","",8,https://media.api-sports.io/football/players/336594.png,Midfielder,530
336637,20,,"",,"",Espigares,"",28,https://media.api-sports.io/football/players/336637.png,Defender,533
336653,20,,"",,"","Ander Astralaga","",26,https://media.api-sports.io/football/players/336653.png,Goalkeeper,529
336654,20,,"",,"","J. Van Neck","",40,https://media.api-sports.io/football/players/336654.png,Goalkeeper,81
336657,18,,"",,"","W. Zaïre-Emery","",33,https://media.api-sports.io/football/players/336657.png,Midfielder,85
336671,21,,"",,"","Renato Veiga","",40,https://media.api-sports.io/football/players/336671.png,Midfielder,49
336673,20,,"",,"","M. Milovanović","",27,https://media.api-sports.io/football/players/336673.png,Defender,210
336674,19,,"",,"","G. Misehouy","",27,https://media.api-sports.io/football/players/336674.png,Midfielder,547
336707,19,,"",,"","A. Calligaris","",40,https://media.api-sports.io/football/players/336707.png,Goalkeeper,505
336711,20,,"",,"","Gonzalo García","",30,https://media.api-sports.io/football/players/336711.png,Attacker,541
336988,22,,"",,"","Lorenzo Aguado","",39,https://media.api-sports.io/football/players/336988.png,Defender,541
336998,22,,"",,"","A. Boiro","",32,https://media.api-sports.io/football/players/336998.png,Defender,531
337426,24,,"",,"","A. Boakye","",20,https://media.api-sports.io/football/players/337426.png,Attacker,1063
337843,21,,"",,"","Aitor Fraga","",32,https://media.api-sports.io/football/players/337843.png,Goalkeeper,548
337933,19,,"",,"","Alexei Rojas Fedorushchenko","",62,https://media.api-sports.io/football/players/337933.png,Goalkeeper,42
338014,18,,"",,"","N. Irankunda","",31,https://media.api-sports.io/football/players/338014.png,Attacker,157
338499,20,,"",,"","T. de Graaff","",32,https://media.api-sports.io/football/players/338499.png,Goalkeeper,207
338508,21,,"",,"","I. Kostis","",27,https://media.api-sports.io/football/players/338508.png,Defender,530
338751,21,,"",,"","Víctor Muñoz","",,https://media.api-sports.io/football/players/338751.png,Attacker,541
338839,20,,"",,"","W. Goes","",3,https://media.api-sports.io/football/players/338839.png,Defender,201
338840,20,,"",,"","R. Daal","",37,https://media.api-sports.io/football/players/338840.png,Attacker,201
338866,21,,"",,"","T. Del Lungo","",49,https://media.api-sports.io/football/players/338866.png,Defender,499
338902,21,,"",,"","Andrés Castrín","",40,https://media.api-sports.io/football/players/338902.png,Defender,536
339180,20,,"",,"","N. Bagnolini","",23,https://media.api-sports.io/football/players/339180.png,Goalkeeper,500
339230,19,,"",,"","L. Raimund","",40,https://media.api-sports.io/football/players/339230.png,Midfielder,172
339598,19,,"",,"","N. Raveyre","",25,https://media.api-sports.io/football/players/339598.png,Goalkeeper,489
339600,20,,"",,"","A. Gauthier","",34,https://media.api-sports.io/football/players/339600.png,Midfielder,1063
339601,19,,"",,"","A. Aiki","",39,https://media.api-sports.io/football/players/339601.png,Attacker,1063
339620,20,,"",,"","L. Monteiro Alvarenga","",48,https://media.api-sports.io/football/players/339620.png,Defender,84
339633,20,,"",,"","A. Logbo","",20,https://media.api-sports.io/football/players/339633.png,Attacker,111
339872,18,,"",,"","Vasilije Adžić","",17,https://media.api-sports.io/football/players/339872.png,Midfielder,496
339874,19,,"",,"","O. HÃ¸jlund","",6,https://media.api-sports.io/football/players/339874.png,Midfielder,169
339883,19,,"",,"","K. Yıldız","",10,https://media.api-sports.io/football/players/339883.png,Attacker,496
339887,19,,"",,"","C. Uzun","",20,https://media.api-sports.io/football/players/339887.png,Midfielder,169
340077,19,,"",,"","M. Fernandez-Pardo","",19,https://media.api-sports.io/football/players/340077.png,Attacker,79
340089,19,,"",,"","Florian Micheler","",28,https://media.api-sports.io/football/players/340089.png,Midfielder,167
340136,19,,"",,"","F. Umeh","",46,https://media.api-sports.io/football/players/340136.png,Attacker,52
340152,19,,"",,"","S. Idumbo-Muzambo","",27,https://media.api-sports.io/football/players/340152.png,Midfielder,536
340153,19,,"",,"","M. Godts","",11,https://media.api-sports.io/football/players/340153.png,Attacker,194
340154,19,,"",,"","A. Vermeeren","",18,https://media.api-sports.io/football/players/340154.png,Midfielder,173
340279,19,,"",,"","Vitor Roque","",8,https://media.api-sports.io/football/players/340279.png,Attacker,543
340545,21,,"",,"","A. Darelas","",8,https://media.api-sports.io/football/players/340545.png,Midfielder,413
340573,20,,"",,"","B. El Khannouss","",11,https://media.api-sports.io/football/players/340573.png,Midfielder,46
340596,20,,"",,"","L. Schouten","",24,https://media.api-sports.io/football/players/340596.png,Midfielder,201
340597,20,,"",,"","D. Kwakman","",33,https://media.api-sports.io/football/players/340597.png,Midfielder,201
340626,21,,"",,"","Fermín","",16,https://media.api-sports.io/football/players/340626.png,Midfielder,529
340700,21,,"",,"","J. Fazzini","",10,https://media.api-sports.io/football/players/340700.png,Midfielder,511
340710,18,,"",,"","E. Mastoras","",62,https://media.api-sports.io/football/players/340710.png,Midfielder,201
340711,20,,"",,"","R. Owusu-Oduro","",1,https://media.api-sports.io/football/players/340711.png,Goalkeeper,201
341250,19,,"",,"","Benjamin Bediako Boakye","",30,https://media.api-sports.io/football/players/341250.png,Attacker,172
341640,21,,"",,"","Raúl Asencio","",35,https://media.api-sports.io/football/players/341640.png,Defender,541
341642,18,,"",,"","J. Hato","",4,https://media.api-sports.io/football/players/341642.png,Defender,194
341646,19,,"",,"","V. Carboni","",7,https://media.api-sports.io/football/players/341646.png,Midfielder,81
341822,20,,"",,"","S. Andersen","",46,https://media.api-sports.io/football/players/341822.png,Midfielder,207
341839,19,,"",,"","F. Mané","",39,https://media.api-sports.io/football/players/341839.png,Defender,165
341910,20,,"",,"","D. Daka","",34,https://media.api-sports.io/football/players/341910.png,Attacker,867
341974,20,,"",,"","T. Corazza","",16,https://media.api-sports.io/football/players/341974.png,Defender,500
342003,20,,"",,"","F. Accornero","",55,https://media.api-sports.io/football/players/342003.png,Midfielder,495
342019,21,,"",,"","D. Ghilardi","",87,https://media.api-sports.io/football/players/342019.png,Defender,504
342022,20,,"",,"","M. Kayode","",33,https://media.api-sports.io/football/players/342022.png,Defender,502
342054,22,,"",,"","R. Flamingo","",6,https://media.api-sports.io/football/players/342054.png,Defender,197
342063,21,,"",,"","D. Coppola","",42,https://media.api-sports.io/football/players/342063.png,Defender,504
342163,19,,"",,"","L. Sauer","",77,https://media.api-sports.io/football/players/342163.png,Attacker,203
342171,19,,"",,"","N. Aséko Nkili","",,https://media.api-sports.io/football/players/342171.png,Midfielder,157
342177,19,,"",,"","N. Weiper","",44,https://media.api-sports.io/football/players/342177.png,Attacker,164
342228,19,,"",,"","S. Džodić","",45,https://media.api-sports.io/football/players/342228.png,Midfielder,82
342243,18,,"",,"","T. Setford","",36,https://media.api-sports.io/football/players/342243.png,Goalkeeper,42
342311,19,,"",,"","V. Iliev","",31,https://media.api-sports.io/football/players/342311.png,Goalkeeper,490
342320,19,,"",,"","K. Nedeljković","",20,https://media.api-sports.io/football/players/342320.png,Defender,66
342442,19,,"",,"","K. Lisztes","",23,https://media.api-sports.io/football/players/342442.png,Attacker,169
342652,23,,"",,"","I. Sebaoui","",10,https://media.api-sports.io/football/players/342652.png,Attacker,210
342954,21,,"",,"","M. Meerdink","",35,https://media.api-sports.io/football/players/342954.png,Attacker,201
342970,19,,"",,"","L. Yoro","",15,https://media.api-sports.io/football/players/342970.png,Defender,33
342995,20,,"",,"","L. Nava","",69,https://media.api-sports.io/football/players/342995.png,Goalkeeper,489
343001,21,,"",,"","Sebastian Wade","",39,https://media.api-sports.io/football/players/343001.png,Defender,798
343027,19,,"",,"","D. Doué","",14,https://media.api-sports.io/football/players/343027.png,Attacker,85
343189,20,,"",,"","G. Gineitis","",66,https://media.api-sports.io/football/players/343189.png,Midfielder,503
343202,20,,"",,"","Á. Rodríguez","",18,https://media.api-sports.io/football/players/343202.png,Attacker,546
343205,20,,"",,"","Mario Martín","",12,https://media.api-sports.io/football/players/343205.png,Midfielder,720
343209,19,,"",,"","Ruairi McConville","",44,https://media.api-sports.io/football/players/343209.png,Defender,51
343211,19,,"",,"","E. Soglo","",37,https://media.api-sports.io/football/players/343211.png,Midfielder,81
343287,23,,"",,"","D. Livramento","",14,https://media.api-sports.io/football/players/343287.png,Attacker,504
343316,19,,"",,"","J. Belocian","",44,https://media.api-sports.io/football/players/343316.png,Defender,168
343317,19,,"",,"","S. Ngoura","",77,https://media.api-sports.io/football/players/343317.png,Attacker,111
343319,19,,"",,"","L. Michal","",41,https://media.api-sports.io/football/players/343319.png,Attacker,91
343320,19,,"",,"","E. Ben Seghir","",7,https://media.api-sports.io/football/players/343320.png,Midfielder,91
343332,19,,"",,"","Zannetos Savva","",79,https://media.api-sports.io/football/players/343332.png,Attacker,503
343350,19,,"",,"","Y. Aradj","",26,https://media.api-sports.io/football/players/343350.png,Defender,96
343351,19,,"",,"","V. Atangana Edoa","",6,https://media.api-sports.io/football/players/343351.png,Midfielder,93
343359,19,,"",,"","N. Zézé","",44,https://media.api-sports.io/football/players/343359.png,Defender,83
343538,19,,"",,"","A. Ciammaglichella","",72,https://media.api-sports.io/football/players/343538.png,Midfielder,503
343569,19,,"",,"","A. Milani","",58,https://media.api-sports.io/football/players/343569.png,Defender,487
343570,19,,"",,"","F. Magro","",98,https://media.api-sports.io/football/players/343570.png,Goalkeeper,504
343609,21,,"",,"","J. Ekomié","",3,https://media.api-sports.io/football/players/343609.png,Defender,77
343684,22,,"",,"","T. Barry","",15,https://media.api-sports.io/football/players/343684.png,Attacker,533
343792,20,,"",,"","D. Cissé","",38,https://media.api-sports.io/football/players/343792.png,Midfielder,94
344131,19,,"",,"","S. Mchindra","",,https://media.api-sports.io/football/players/344131.png,Goalkeeper,96
344165,19,,"",,"","D. Pizarro","",99,https://media.api-sports.io/football/players/344165.png,Attacker,494
344284,20,,"",,"","Romeo Aigbekaen","",38,https://media.api-sports.io/football/players/344284.png,Attacker,186
344290,18,,"",,"","M. Schmitt","",35,https://media.api-sports.io/football/players/344290.png,Goalkeeper,157
344762,19,,"",,"","A. Dithmer","",,https://media.api-sports.io/football/players/344762.png,Goalkeeper,207
345107,20,,"",,"","A. Ahmed Fatah","",21,https://media.api-sports.io/football/players/345107.png,Attacker,195
345155,21,,"",,"","J. Ritmeester van de Kamp","",5,https://media.api-sports.io/football/players/345155.png,Midfielder,419
345532,21,,"",,"","A. N’Gatta","",24,https://media.api-sports.io/football/players/345532.png,Defender,108
345546,21,,"",,"","J. Lacombe","",40,https://media.api-sports.io/football/players/345546.png,Goalkeeper,96
345748,22,,"",,"","A. Gómez","",20,https://media.api-sports.io/football/players/345748.png,Attacker,94
346700,19,,"",,"","M. Luković","",9,https://media.api-sports.io/football/players/346700.png,Attacker,95
346723,19,,"",,"","M. Dahaba","",34,https://media.api-sports.io/football/players/346723.png,Defender,186
346866,20,,"",,"","S. Mbangula","",51,https://media.api-sports.io/football/players/346866.png,Attacker,496
346895,20,,"",,"","M. Dams","",32,https://media.api-sports.io/football/players/346895.png,Defender,197
347265,21,,"",,"","B. Domínguez","",30,https://media.api-sports.io/football/players/347265.png,Attacker,500
347316,18,,"",,"","L. Bergvall","",15,https://media.api-sports.io/football/players/347316.png,Midfielder,47
347644,21,,"",,"","A. Atta","",14,https://media.api-sports.io/football/players/347644.png,Midfielder,494
348029,21,,"",,"","D. Stamatakis","",32,https://media.api-sports.io/football/players/348029.png,Goalkeeper,727
348052,20,,"",,"","N. Jauny","",50,https://media.api-sports.io/football/players/348052.png,Goalkeeper,106
348326,20,,"",,"","Martín Tejón","",32,https://media.api-sports.io/football/players/348326.png,Midfielder,532
348568,21,,"",,"","A. Circati","",39,https://media.api-sports.io/football/players/348568.png,Defender,523
348888,19,,"",,"","M. Kömür","",36,https://media.api-sports.io/football/players/348888.png,Midfielder,170
349063,20,,"",,"","Luken Beitia","",37,https://media.api-sports.io/football/players/349063.png,Defender,548
349189,20,,"",,"","L. Mouquet","",,https://media.api-sports.io/football/players/349189.png,Goalkeeper,85
349218,19,,"",,"","L. Anghelè","",36,https://media.api-sports.io/football/players/349218.png,Attacker,496
349232,20,,"",,"","A. Dembélé","",21,https://media.api-sports.io/football/players/349232.png,Defender,503
349947,19,,"",,"","A. Malouda","",34,https://media.api-sports.io/football/players/349947.png,Attacker,79
349987,20,,"",,"","G. Kuol","",38,https://media.api-sports.io/football/players/349987.png,Attacker,34
350037,20,,"",,"","N. Paz","",79,https://media.api-sports.io/football/players/350037.png,Midfielder,895
350388,19,,"",,"","Y. Mouanga","",47,https://media.api-sports.io/football/players/350388.png,Defender,82
350625,18,,"",,"","J. Meghoma","",21,https://media.api-sports.io/football/players/350625.png,Defender,55
350643,21,,"",,"","D. Arts","",21,https://media.api-sports.io/football/players/350643.png,Defender,413
350856,21,,"",,"","E. Nuamah","",37,https://media.api-sports.io/football/players/350856.png,Attacker,80
351131,19,,"",,"","Dani Pérez","",37,https://media.api-sports.io/football/players/351131.png,Midfielder,543
351240,20,,"",,"","D. van der Haar","",33,https://media.api-sports.io/football/players/351240.png,Defender,193
351888,19,,"",,"","O. Touré","",36,https://media.api-sports.io/football/players/351888.png,Defender,79
352225,20,,"",,"","N. Verdoni","",33,https://media.api-sports.io/football/players/352225.png,Goalkeeper,410
352230,21,,"",,"","T. van de Loo","",22,https://media.api-sports.io/football/players/352230.png,Midfielder,417
352375,21,,"",,"",Arthur,"",13,https://media.api-sports.io/football/players/352375.png,Defender,168
352859,21,,"",,"","Guillem Trilla","",33,https://media.api-sports.io/football/players/352859.png,Defender,546
352990,24,,"",,"","A. Salama","",11,https://media.api-sports.io/football/players/352990.png,Attacker,93
352999,19,,"",,"","A. Sishuba","",17,https://media.api-sports.io/football/players/352999.png,Midfielder,504
353417,19,,"",,"","Niccolò Postiglione","",52,https://media.api-sports.io/football/players/353417.png,Defender,1579
353609,21,,"",,"","I. Sulemana","",6,https://media.api-sports.io/football/players/353609.png,Midfielder,499
353732,18,,"",,"","Jan Faberski","",50,https://media.api-sports.io/football/players/353732.png,Midfielder,194
353810,19,,"",,"","T. Kuijsten","",53,https://media.api-sports.io/football/players/353810.png,Goalkeeper,201
354506,21,,"",,"","K. Sano","",23,https://media.api-sports.io/football/players/354506.png,Midfielder,413
354533,19,,"",,"","J. Addai","",17,https://media.api-sports.io/football/players/354533.png,Attacker,201
354741,20,,"",,"","Ekain Orobengoa","",45,https://media.api-sports.io/football/players/354741.png,Attacker,548
355076,19,,"",,"","A. Gueguin","",38,https://media.api-sports.io/football/players/355076.png,Attacker,82
355327,20,,"",,"","José Luis Català","",27,https://media.api-sports.io/football/players/355327.png,Defender,540
356041,20,,"",,"","C. Baleba","",20,https://media.api-sports.io/football/players/356041.png,Midfielder,51
356237,20,,"",,"","Kim Ji-Soo","",36,https://media.api-sports.io/football/players/356237.png,Defender,55
356520,19,,"",,"","Ó. Perea","",20,https://media.api-sports.io/football/players/356520.png,Attacker,95
356888,20,,"",,"","N. Pisilli","",61,https://media.api-sports.io/football/players/356888.png,Midfielder,497
357060,19,,"",,"","T. Katsukunya","",73,https://media.api-sports.io/football/players/357060.png,Defender,66
357182,19,,"",,"","H. El Dahri","",,https://media.api-sports.io/football/players/357182.png,Midfielder,426
357626,22,,"",,"","Diego Espejo","",30,https://media.api-sports.io/football/players/357626.png,Defender,727
358166,19,,"",,"","A. Ouattara","",42,https://media.api-sports.io/football/players/358166.png,Midfielder,95
358167,19,,"",,"","R. Tutu Mayangila","",60,https://media.api-sports.io/football/players/358167.png,Goalkeeper,95
358431,20,,"",,"","N. Mendy","",32,https://media.api-sports.io/football/players/358431.png,Defender,543
358449,21,,"",,"","T. Jansink","",16,https://media.api-sports.io/football/players/358449.png,Goalkeeper,206
358450,22,,"",,"","S. Scheperman","",32,https://media.api-sports.io/football/players/358450.png,Midfielder,206
358638,19,,"",,"","J. Bacci","",36,https://media.api-sports.io/football/players/358638.png,Midfielder,511
358666,18,,"",,"","R. Akachukwu","",54,https://media.api-sports.io/football/players/358666.png,Midfielder,41
359100,18,,"",,"","A. Cissè","",80,https://media.api-sports.io/football/players/359100.png,Attacker,504
359117,17,,"",,"","Shumaira Mheuka","",76,https://media.api-sports.io/football/players/359117.png,Attacker,49
359315,19,,"",,"","R. El Arguioui","",43,https://media.api-sports.io/football/players/359315.png,Midfielder,207
359370,22,,"",,"","D. Baron","",24,https://media.api-sports.io/football/players/359370.png,Goalkeeper,202
359386,21,,"",,"","M. Godo","",47,https://media.api-sports.io/football/players/359386.png,Attacker,36
359390,18,,"",,"","G. Read","",26,https://media.api-sports.io/football/players/359390.png,Defender,209
359984,19,,"",,"","M. Kleijn","",,https://media.api-sports.io/football/players/359984.png,Defender,426
360011,18,,"",,"","Ato Ampah","",,https://media.api-sports.io/football/players/360011.png,Attacker,49
360032,20,,"",,"","B. Önal","",11,https://media.api-sports.io/football/players/360032.png,Attacker,413
360098,20,,"",,"","J. Othman","",41,https://media.api-sports.io/football/players/360098.png,Attacker,1063
360114,20,,"",,"","A. Khusanov","",25,https://media.api-sports.io/football/players/360114.png,Defender,116
360268,18,,"",,"","J. Jimoh","",56,https://media.api-sports.io/football/players/360268.png,Midfielder,66
360269,18,,"",,"","Triston Rowe","",45,https://media.api-sports.io/football/players/360269.png,Defender,66
360411,19,,"",,"","Alberto Collado López","",30,https://media.api-sports.io/football/players/360411.png,Midfielder,536
361348,19,,"",,"","M. Fofana","",11,https://media.api-sports.io/football/players/361348.png,Attacker,80
361351,19,,"",,"","F. Al Mazyani","",33,https://media.api-sports.io/football/players/361351.png,Defender,417
361383,19,,"",,"","J. Ndiaye","",41,https://media.api-sports.io/football/players/361383.png,Attacker,82
361384,19,,"",,"",Yusi,"",,https://media.api-sports.io/football/players/361384.png,Defender,541
361385,19,,"",,"","Yarek Gasiorowski","",24,https://media.api-sports.io/football/players/361385.png,Defender,532
361386,19,,"",,"",Koke,"",32,https://media.api-sports.io/football/players/361386.png,Defender,720
361393,19,,"",,"","I. Ogbus","",43,https://media.api-sports.io/football/players/361393.png,Defender,160
361497,19,,"",,"","D. Huijsen","",2,https://media.api-sports.io/football/players/361497.png,Defender,35
361500,19,,"",,"","B. Klaverboer","",22,https://media.api-sports.io/football/players/361500.png,Goalkeeper,210
361523,19,,"",,"","S. Kalambayi","",30,https://media.api-sports.io/football/players/361523.png,Attacker,167
361679,19,,"",,"","Callum Bates","",92,https://media.api-sports.io/football/players/361679.png,Midfielder,45
361734,19,,"",,"","D. Ajayi","",63,https://media.api-sports.io/football/players/361734.png,Attacker,47
361888,21,,"",,"","Shiloh Kiesar ’t Zand","",10,https://media.api-sports.io/football/players/361888.png,Midfielder,206
361981,20,,"",,"","A. Chase","",45,https://media.api-sports.io/football/players/361981.png,Defender,172
362270,18,,"",,"","E. Wheatley","",36,https://media.api-sports.io/football/players/362270.png,Attacker,33
362568,21,,"",,"","M. Smit","",9,https://media.api-sports.io/football/players/362568.png,Attacker,410
362884,21,,"",,"","Kauã Santos","",40,https://media.api-sports.io/football/players/362884.png,Goalkeeper,169
362900,20,,"",,"","S. Bane","",27,https://media.api-sports.io/football/players/362900.png,Defender,116
363053,21,,"",,"","I. Miladinović","",28,https://media.api-sports.io/football/players/363053.png,Midfielder,1063
363486,21,,"",,"","S. Karssies","",21,https://media.api-sports.io/football/players/363486.png,Goalkeeper,415
363638,19,,"",,"","L. Opitz","",35,https://media.api-sports.io/football/players/363638.png,Attacker,162
363695,22,,"",,"",Murillo,"",5,https://media.api-sports.io/football/players/363695.png,Defender,65
363974,19,,"",,"","Z. Marsh","",63,https://media.api-sports.io/football/players/363974.png,Attacker,52
364048,18,,"",,"","Harrison Murray-Campbell","",,https://media.api-sports.io/football/players/364048.png,Defender,49
364415,20,,"",,"","Jesús Santiago","",20,https://media.api-sports.io/football/players/364415.png,Midfielder,546
364664,19,,"",,"","Noah Houssain El Biache","",38,https://media.api-sports.io/football/players/364664.png,Midfielder,511
364810,22,,"",,"","A. Sylla","",5,https://media.api-sports.io/football/players/364810.png,Defender,95
365018,20,,"",,"","R. van Bommel","",7,https://media.api-sports.io/football/players/365018.png,Attacker,201
365660,18,,"",,"","K. Dyer","",33,https://media.api-sports.io/football/players/365660.png,Midfielder,49
366735,18,,"",,"","Joshua Kofi Acheampong","",34,https://media.api-sports.io/football/players/366735.png,Defender,49
367472,19,,"",,"","A. Blake","",15,https://media.api-sports.io/football/players/367472.png,Attacker,207
367634,19,,"",,"","A. Agbinone","",64,https://media.api-sports.io/football/players/367634.png,Midfielder,52
367637,21,,"",,"","Ü. Akdağ","",6,https://media.api-sports.io/football/players/367637.png,Defender,96
367853,19,,"",,"","L. Botz","",,https://media.api-sports.io/football/players/367853.png,Attacker,106
368026,20,,"",,"","I. Touré","",40,https://media.api-sports.io/football/players/368026.png,Goalkeeper,1063
368065,19,,"",,"","Y. Lachaab","",47,https://media.api-sports.io/football/players/368065.png,Attacker,79
368138,19,,"",,"","M. Kowalski","",62,https://media.api-sports.io/football/players/368138.png,Midfielder,523
368163,19,,"",,"","V. Addo","",42,https://media.api-sports.io/football/players/368163.png,Defender,867
368230,18,,"",,"","J. Duranville","",16,https://media.api-sports.io/football/players/368230.png,Attacker,165
368260,22,,"",,"","G. Orban","",9,https://media.api-sports.io/football/players/368260.png,Attacker,80
368812,19,,"",,"","S. Cara","",46,https://media.api-sports.io/football/players/368812.png,Attacker,82
369500,19,,"",,"","I. Ganiou","",37,https://media.api-sports.io/football/players/369500.png,Defender,116
369674,19,,"",,"","J. Bahoya","",19,https://media.api-sports.io/football/players/369674.png,Attacker,169
369676,19,,"",,"","T. Chennahi","",44,https://media.api-sports.io/football/players/369676.png,Midfielder,82
369885,21,,"",,"","J. Sebas","",40,https://media.api-sports.io/football/players/369885.png,Attacker,95
370475,18,,"",,"","E. Dijkstra","",43,https://media.api-sports.io/football/players/370475.png,Defender,201
371230,18,,"",,"","Z. Redmond","",49,https://media.api-sports.io/football/players/371230.png,Attacker,209
371515,19,,"",,"","J. Meijster","",31,https://media.api-sports.io/football/players/371515.png,Goalkeeper,202
371523,19,,"",,"","T. Smolenaars","",51,https://media.api-sports.io/football/players/371523.png,Goalkeeper,197
371843,20,,"",,"","C. Lokesa","",14,https://media.api-sports.io/football/players/371843.png,Midfielder,417
371916,19,,"",,"","C. Mawissa Elebi","",13,https://media.api-sports.io/football/players/371916.png,Defender,91
373800,21,,"",,"","D. Versluis","",31,https://media.api-sports.io/football/players/373800.png,Attacker,203
373825,22,,"",,"","J. Schingtienne","",25,https://media.api-sports.io/football/players/373825.png,Defender,517
374058,20,,"",,"","L. Camara","",15,https://media.api-sports.io/football/players/374058.png,Midfielder,91
374359,19,,"",,"","D. Bartesaghi","",33,https://media.api-sports.io/football/players/374359.png,Defender,489
374361,20,,"",,"","E. Diop","",37,https://media.api-sports.io/football/players/374361.png,Midfielder,91
374500,20,,"",,"","M. Berger","",41,https://media.api-sports.io/football/players/374500.png,Goalkeeper,209
374503,19,,"",,"","Y. Gomis","",25,https://media.api-sports.io/football/players/374503.png,Defender,95
374505,19,,"",,"","C. Negele","",25,https://media.api-sports.io/football/players/374505.png,Midfielder,180
375000,23,,"",,"","I. Salah","",34,https://media.api-sports.io/football/players/375000.png,Attacker,106
375321,20,,"",,"","R. Sagrado","",21,https://media.api-sports.io/football/players/375321.png,Defender,517
375598,20,,"",,"","N. Mukau","",17,https://media.api-sports.io/football/players/375598.png,Midfielder,79
375915,23,,"",,"","Q. Hartman","",11,https://media.api-sports.io/football/players/375915.png,Defender,209
376762,21,,"",,"","J. Pinas","",,https://media.api-sports.io/football/players/376762.png,Defender,419
377122,18,,"",,"",Endrick,"",16,https://media.api-sports.io/football/players/377122.png,Attacker,541
377266,20,,"",,"","M. de Ligt","",,https://media.api-sports.io/football/players/377266.png,Defender,426
377924,19,,"",,"","S. Esposito","",28,https://media.api-sports.io/football/players/377924.png,Defender,867
378284,21,,"",,"","Etta Eyong","",36,https://media.api-sports.io/football/players/378284.png,Attacker,533
378802,23,,"",,"","D. Mathieu","",27,https://media.api-sports.io/football/players/378802.png,Midfielder,195
378864,20,,"",,"","S. Ouaissa","",25,https://media.api-sports.io/football/players/378864.png,Midfielder,413
378958,21,,"",,"","K. de Wit","",29,https://media.api-sports.io/football/players/378958.png,Midfielder,413
378962,21,,"",,"","P. Saathof","",28,https://media.api-sports.io/football/players/378962.png,Defender,410
378963,20,,"",,"","R. Weijenberg","",15,https://media.api-sports.io/football/players/378963.png,Midfielder,410
378966,21,,"",,"","A. Adelgaard","",29,https://media.api-sports.io/football/players/378966.png,Defender,410
379068,19,,"",,"","C. Corradi","",82,https://media.api-sports.io/football/players/379068.png,Defender,504
379329,22,,"",,"","Tiago Santos","",22,https://media.api-sports.io/football/players/379329.png,Defender,79
379618,20,,"",,"","J. Slater","",53,https://media.api-sports.io/football/players/379618.png,Defender,51
380395,21,,"",,"","L. Vogels","",31,https://media.api-sports.io/football/players/380395.png,Goalkeeper,417
380492,18,,"",,"","Eric Emanuel da Silva Moreira","",17,https://media.api-sports.io/football/players/380492.png,Attacker,65
380503,18,,"",,"","Bence Dárdai","",24,https://media.api-sports.io/football/players/380503.png,Midfielder,161
380522,19,,"",,"","Lars Strobl","",31,https://media.api-sports.io/football/players/380522.png,Defender,167
380564,19,,"",,"","Lennart Koerdt","",28,https://media.api-sports.io/football/players/380564.png,Midfielder,176
380583,19,,"",,"","Ronny Boamah Seibt","",35,https://media.api-sports.io/football/players/380583.png,Goalkeeper,186
380603,19,,"",,"","Daniel Gleiber","",42,https://media.api-sports.io/football/players/380603.png,Midfielder,164
380657,19,,"",,"","R. Young","",82,https://media.api-sports.io/football/players/380657.png,Attacker,40
380679,18,,"",,"","C. Kporha","",58,https://media.api-sports.io/football/players/380679.png,Defender,52
380689,17,,"",,"","C. Olusesi","",64,https://media.api-sports.io/football/players/380689.png,Midfielder,47
380690,17,,"",,"","M. Moore","",47,https://media.api-sports.io/football/players/380690.png,Attacker,47
380691,17,,"",,"","Jay Robinson","",46,https://media.api-sports.io/football/players/380691.png,Attacker,41
380696,18,,"",,"","Joshua Nichols","",51,https://media.api-sports.io/football/players/380696.png,Defender,42
380697,19,,"",,"","M. Kacurri","",47,https://media.api-sports.io/football/players/380697.png,Defender,42
380715,17,,"",,"","B. Broggio","",79,https://media.api-sports.io/football/players/380715.png,Midfielder,66
380913,19,,"",,"","Luka Tunjic","",77,https://media.api-sports.io/football/players/380913.png,Midfielder,205
380978,18,,"",,"","A. Ouédraogo","",20,https://media.api-sports.io/football/players/380978.png,Midfielder,173
381197,20,,"",,"","Asier Osambela","",29,https://media.api-sports.io/football/players/381197.png,Midfielder,727
381354,19,,"",,"","L. Kasa","",53,https://media.api-sports.io/football/players/381354.png,Midfielder,495
381599,21,,"",,"","Rupérez","",34,https://media.api-sports.io/football/players/381599.png,Defender,548
382170,19,,"",,"","M. Kinsey-Wellings","",48,https://media.api-sports.io/football/players/382170.png,Defender,35
382252,20,,"",,"","Madiou Keita","",31,https://media.api-sports.io/football/players/382252.png,Defender,108
382355,19,,"",,"","Jacob Wright","",56,https://media.api-sports.io/football/players/382355.png,Midfielder,50
382452,20,,"",,"","P. Dorgu","",13,https://media.api-sports.io/football/players/382452.png,Defender,867
382925,21,,"",,"","R. Trevitt","",28,https://media.api-sports.io/football/players/382925.png,Midfielder,55
382945,19,,"",,"","Kevin Zeroli","",18,https://media.api-sports.io/football/players/382945.png,Midfielder,489
382947,19,,"",,"","H. Cuenca","",91,https://media.api-sports.io/football/players/382947.png,Midfielder,489
383002,18,,"",,"","I. Konate","",90,https://media.api-sports.io/football/players/383002.png,Attacker,511
383006,19,,"",,"","A. Njie","",92,https://media.api-sports.io/football/players/383006.png,Attacker,503
383017,19,,"",,"","D. Vavassori","",45,https://media.api-sports.io/football/players/383017.png,Attacker,499
383018,19,,"",,"","M. Palestra","",27,https://media.api-sports.io/football/players/383018.png,Midfielder,499
383020,18,,"",,"","L. Riccio","",43,https://media.api-sports.io/football/players/383020.png,Midfielder,499
383257,17,,"",,"","D. PejiÄiÄ","",79,https://media.api-sports.io/football/players/383257.png,Midfielder,494
383267,18,,"",,"","T. Martinelli","",30,https://media.api-sports.io/football/players/383267.png,Goalkeeper,502
383647,18,,"",,"","D. Kochen","",31,https://media.api-sports.io/football/players/383647.png,Goalkeeper,529
383685,20,,"",,"","Y. Minteh","",17,https://media.api-sports.io/football/players/383685.png,Attacker,51
383770,17,,"",,"","J. Fletcher","",57,https://media.api-sports.io/football/players/383770.png,Midfielder,33
383780,21,,"",,"","Mikel Jauregizar","",23,https://media.api-sports.io/football/players/383780.png,Midfielder,531
384135,21,,"",,"","Javi Rodríguez","",32,https://media.api-sports.io/football/players/384135.png,Defender,538
384273,21,,"",,"","Julen Lartitegi","",37,https://media.api-sports.io/football/players/384273.png,Attacker,542
384489,20,,"",,"","Y. Fofana","",71,https://media.api-sports.io/football/players/384489.png,Midfielder,93
384981,17,,"",,"","S. Amissah","",35,https://media.api-sports.io/football/players/384981.png,Defender,36
385260,20,,"",,"","J. Paulina","",32,https://media.api-sports.io/football/players/385260.png,Midfielder,165
385569,19,,"",,"","E. Biumla","",24,https://media.api-sports.io/football/players/385569.png,Midfielder,77
385726,19,,"",,"","E. González","",30,https://media.api-sports.io/football/players/385726.png,Attacker,39
386187,21,,"",,"","Hugo Solozábal","",32,https://media.api-sports.io/football/players/386187.png,Midfielder,537
386275,19,,"",,"","I. Housni","",46,https://media.api-sports.io/football/players/386275.png,Attacker,111
386284,19,,"",,"","Mahamadou Diawara","",34,https://media.api-sports.io/football/players/386284.png,Midfielder,80
386285,18,,"",,"","Yoram\t Zague","",42,https://media.api-sports.io/football/players/386285.png,Defender,85
386287,18,,"",,"","E. Mbappé","",29,https://media.api-sports.io/football/players/386287.png,Midfielder,79
386298,19,,"",,"","L. Torriani","",96,https://media.api-sports.io/football/players/386298.png,Goalkeeper,489
386305,19,,"",,"","Jacobo Ramón Naveros","",31,https://media.api-sports.io/football/players/386305.png,Defender,541
386438,20,,"",,"","M. Acapandié","",41,https://media.api-sports.io/football/players/386438.png,Defender,83
386481,19,,"",,"","M. Diakhon","",67,https://media.api-sports.io/football/players/386481.png,Attacker,93
386818,18,,"",,"","Anas Alaoui","",49,https://media.api-sports.io/football/players/386818.png,Attacker,169
386828,17,,"",,"","Lamine Yamal","",19,https://media.api-sports.io/football/players/386828.png,Attacker,529
386850,20,,"",,"","Adrián Niño Heredia","",32,https://media.api-sports.io/football/players/386850.png,Attacker,530
386858,19,,"",,"","C. Turi","",12,https://media.api-sports.io/football/players/386858.png,Goalkeeper,492
386859,18,,"",,"","Héctor Fort","",32,https://media.api-sports.io/football/players/386859.png,Defender,529
386872,19,,"",,"","Sergio Mestre","",34,https://media.api-sports.io/football/players/386872.png,Goalkeeper,541
387120,19,,"",,"","R. Nzingoula","",19,https://media.api-sports.io/football/players/387120.png,Midfielder,82
387321,19,,"",,"","D. Tevreden","",,https://media.api-sports.io/football/players/387321.png,Goalkeeper,426
387534,18,,"",,"","Noah Dávid Gabriel Fenyö","",47,https://media.api-sports.io/football/players/387534.png,Midfielder,169
387973,18,,"",,"","Max Moerstedt","",33,https://media.api-sports.io/football/players/387973.png,Attacker,167
388032,21,,"",,"","Carlos Guirao","",34,https://media.api-sports.io/football/players/388032.png,Midfielder,543
388057,21,,"",,"","Alex Almansa","",39,https://media.api-sports.io/football/players/388057.png,Attacker,540
388510,19,,"",,"","Tony Yogane","",42,https://media.api-sports.io/football/players/388510.png,Midfielder,55
388547,20,,"",,"","Luca Marianucci","",35,https://media.api-sports.io/football/players/388547.png,Defender,511
388777,18,,"",,"","B. Meupiyou","",33,https://media.api-sports.io/football/players/388777.png,Defender,39
388779,19,,"",,"","D. Assoumani","",59,https://media.api-sports.io/football/players/388779.png,Midfielder,83
388786,18,,"",,"","K. Smit","",26,https://media.api-sports.io/football/players/388786.png,Midfielder,201
388788,18,,"",,"","N. Razi","",,https://media.api-sports.io/football/players/388788.png,Midfielder,895
388871,19,,"",,"","José María Andrés Baixauli","",36,https://media.api-sports.io/football/players/388871.png,Midfielder,541
389031,17,,"",,"","Jayce Fitzgerald","",76,https://media.api-sports.io/football/players/389031.png,Midfielder,33
389035,18,,"",,"","Farid Alfa-Ruprecht","",,https://media.api-sports.io/football/players/389035.png,Attacker,50
389067,21,,"",,"","M. de Lannoy","",34,https://media.api-sports.io/football/players/389067.png,Midfielder,410
389302,18,,"",,"","T. Edozie","",74,https://media.api-sports.io/football/players/389302.png,Attacker,39
389315,17,,"",,"","Joshua King","",24,https://media.api-sports.io/football/players/389315.png,Midfielder,36
389322,18,,"",,"","N. Sangui","",55,https://media.api-sports.io/football/players/389322.png,Defender,93
389600,20,,"",,"",Antonino,"",31,https://media.api-sports.io/football/players/389600.png,Attacker,547
391131,20,,"",,"",Reque,"",30,https://media.api-sports.io/football/players/391131.png,Midfielder,533
391311,18,,"",,"","Á. Yaakobishvili","",40,https://media.api-sports.io/football/players/391311.png,Goalkeeper,529
391822,20,,"",,"","Fer López","",28,https://media.api-sports.io/football/players/391822.png,Midfielder,538
392044,20,,"",,"","T. van Bergen","",26,https://media.api-sports.io/football/players/392044.png,Attacker,202
392254,17,,"",,"","Francis-Ikechukwu Onyeka","",40,https://media.api-sports.io/football/players/392254.png,Attacker,168
392258,19,,"",,"","P. Reverson","",52,https://media.api-sports.io/football/players/392258.png,Goalkeeper,194
392270,18,,"",,"","Marc Guiu","",38,https://media.api-sports.io/football/players/392270.png,Attacker,49
392305,18,,"",,"","J. Arango","",34,https://media.api-sports.io/football/players/392305.png,Midfielder,547
392379,19,,"",,"","L. Baroncelli","",61,https://media.api-sports.io/football/players/392379.png,Defender,502
392417,19,,"",,"","T. Gijselhart","",38,https://media.api-sports.io/football/players/392417.png,Midfielder,193
392455,20,,"",,"","Germán García","",30,https://media.api-sports.io/football/players/392455.png,Goalkeeper,543
392569,19,,"",,"","Sékou Doucouré","",72,https://media.api-sports.io/football/players/392569.png,Defender,83
392607,19,,"",,"","Maeson King","",,https://media.api-sports.io/football/players/392607.png,Defender,47
392656,20,,"",,"","M. Diadie","",64,https://media.api-sports.io/football/players/392656.png,Midfielder,93
392671,22,,"",,"","L. Diarra","",50,https://media.api-sports.io/football/players/392671.png,Goalkeeper,80
392683,18,,"",,"","E. Mbondo","",43,https://media.api-sports.io/football/players/392683.png,Defender,81
393190,17,,"",,"","Tyler Louis Meiser","",45,https://media.api-sports.io/football/players/393190.png,Defender,165
393195,19,,"",,"","W. Lankshear","",42,https://media.api-sports.io/football/players/393195.png,Attacker,47
393870,23,,"",,"","N. van Berkel","",44,https://media.api-sports.io/football/players/393870.png,Defender,195
393871,21,,"",,"","A. Lachkar","",34,https://media.api-sports.io/football/players/393871.png,Defender,195
393926,18,,"",,"","Gaël Lafont","",47,https://media.api-sports.io/football/players/393926.png,Midfielder,81
393947,19,,"",,"","J. Seghetti","",12,https://media.api-sports.io/football/players/393947.png,Goalkeeper,511
394185,18,,"",,"","R. Londja","",70,https://media.api-sports.io/football/players/394185.png,Attacker,111
394438,19,,"",,"","L. Colombo","",57,https://media.api-sports.io/football/players/394438.png,Midfielder,1579
394496,19,,"",,"","P. Tornaghi","",41,https://media.api-sports.io/football/players/394496.png,Defender,499
394501,18,,"",,"","Bradley Moonan","",72,https://media.api-sports.io/football/players/394501.png,Defender,45
394608,20,,"",,"","J. Schreuders","",14,https://media.api-sports.io/football/players/394608.png,Midfielder,202
394665,18,,"",,"","Jarzinho Ataide Adriano de Nascimento Malanga","",47,https://media.api-sports.io/football/players/394665.png,Midfielder,172
394667,18,,"",,"","Almugera Raouf Mohammed Kabar","",42,https://media.api-sports.io/football/players/394667.png,Defender,165
394735,18,,"",,"","Maxim Bora Dal","",47,https://media.api-sports.io/football/players/394735.png,Defender,164
394740,18,,"",,"","D. Odogu","",33,https://media.api-sports.io/football/players/394740.png,Defender,161
394870,19,,"",,"","M. Oukhattou","",37,https://media.api-sports.io/football/players/394870.png,Midfielder,193
395040,18,,"",,"","G. Ilenikhena","",21,https://media.api-sports.io/football/players/395040.png,Attacker,91
395048,20,,"",,"","C. Fall","",31,https://media.api-sports.io/football/players/395048.png,Midfielder,1063
395559,17,,"",,"","Kerim-Sam Alajbegović","",47,https://media.api-sports.io/football/players/395559.png,Attacker,168
395760,18,,"",,"","Y. Issoufou","",39,https://media.api-sports.io/football/players/395760.png,Attacker,82
395761,18,,"",,"","M. Lambourde","",7,https://media.api-sports.io/football/players/395761.png,Attacker,504
395762,18,,"",,"","M. Amougou","",37,https://media.api-sports.io/football/players/395762.png,Midfielder,1063
395764,18,,"",,"","N. Ferro","",38,https://media.api-sports.io/football/players/395764.png,Midfielder,95
395765,18,,"",,"","I. Bouneb","",44,https://media.api-sports.io/football/players/395765.png,Midfielder,111
395808,18,,"",,"","Paul Argney","",50,https://media.api-sports.io/football/players/395808.png,Goalkeeper,111
395849,19,,"",,"","Thomas Berenbruch","",52,https://media.api-sports.io/football/players/395849.png,Midfielder,505
396308,18,,"",,"","Oumar Pona","",40,https://media.api-sports.io/football/players/396308.png,Goalkeeper,77
396475,19,,"",,"","Fran González","",26,https://media.api-sports.io/football/players/396475.png,Goalkeeper,541
396623,17,,"",,"","Pau Cubarsí Paredes","",2,https://media.api-sports.io/football/players/396623.png,Defender,529
396624,19,,"",,"","Sergi Domínguez","",36,https://media.api-sports.io/football/players/396624.png,Defender,529
396637,19,,"",,"","P. Comuzzo","",15,https://media.api-sports.io/football/players/396637.png,Defender,502
397740,34,,"",,"","K. WÃ¤tjen","",38,https://media.api-sports.io/football/players/397740.png,Midfielder,165
397941,18,,"",,"","Minsu Kim","",29,https://media.api-sports.io/football/players/397941.png,Attacker,547
397997,17,,"",,"","T. Nyoni","",98,https://media.api-sports.io/football/players/397997.png,Midfielder,40
399876,19,,"",,"","K. Razak","",35,https://media.api-sports.io/football/players/399876.png,Attacker,195
399893,18,,"",,"","B. Kiwa","",46,https://media.api-sports.io/football/players/399893.png,Defender,91
399906,19,,"",,"","O. Maamma","",14,https://media.api-sports.io/football/players/399906.png,Attacker,82
399910,18,,"",,"","Marc Aznar","",33,https://media.api-sports.io/football/players/399910.png,Defender,547
400750,18,,"",,"","Christopher Olivier","",31,https://media.api-sports.io/football/players/400750.png,Midfielder,172
400938,18,,"",,"","Iwan Morgan","",40,https://media.api-sports.io/football/players/400938.png,Attacker,55
400947,20,,"",,"","Carlos Reina","",,https://media.api-sports.io/football/players/400947.png,Midfielder,543
400948,19,,"",,"","Assane Diao","",38,https://media.api-sports.io/football/players/400948.png,Attacker,543
401098,16,,"",,"","L. Rawlings","",62,https://media.api-sports.io/football/players/401098.png,Midfielder,39
401333,18,,"",,"","L. Baret","",39,https://media.api-sports.io/football/players/401333.png,Midfielder,79
401568,20,,"",,"","M. Nzuzi","",35,https://media.api-sports.io/football/players/401568.png,Defender,1063
401575,20,,"",,"","W. Hasbi","",,https://media.api-sports.io/football/players/401575.png,Goalkeeper,95
402168,19,,"",,"","Arkaitz Mariezkurrena","",40,https://media.api-sports.io/football/players/402168.png,Attacker,548
402242,19,,"",,"","M. Bechikh","",,https://media.api-sports.io/football/players/402242.png,Attacker,95
402272,18,,"",,"","T. Land","",28,https://media.api-sports.io/football/players/402272.png,Midfielder,197
402280,20,,"",,"","A. Yaakobishvili","",35,https://media.api-sports.io/football/players/402280.png,Defender,547
402281,19,,"",,"",Silvi,"",28,https://media.api-sports.io/football/players/402281.png,Midfielder,547
402329,18,,"",,"","A. Heaven","",76,https://media.api-sports.io/football/players/402329.png,Defender,42
402432,20,,"",,"","Ben Winterburn","",47,https://media.api-sports.io/football/players/402432.png,Midfielder,35
403064,17,,"",,"","H. Amass","",41,https://media.api-sports.io/football/players/403064.png,Defender,33
403199,20,,"",,"","M. Mariani","",36,https://media.api-sports.io/football/players/403199.png,Defender,202
403554,21,,"",,"","Christantus Uche","",6,https://media.api-sports.io/football/players/403554.png,Midfielder,546
403633,19,,"",,"","J. Harder","",,https://media.api-sports.io/football/players/403633.png,Midfielder,502
404415,18,,"",,"","José Ángel","",41,https://media.api-sports.io/football/players/404415.png,Defender,540
404574,18,,"",,"","Luis Guilherme","",17,https://media.api-sports.io/football/players/404574.png,Attacker,48
404656,19,,"",,"","Jahmai Simpson-Pusey","",66,https://media.api-sports.io/football/players/404656.png,Defender,50
405073,18,,"",,"","Jon Martín","",31,https://media.api-sports.io/football/players/405073.png,Defender,548
405074,20,,"",,"","J. Kalumba","",17,https://media.api-sports.io/football/players/405074.png,Attacker,77
405112,20,,"",,"","S. Fukuda","",13,https://media.api-sports.io/football/players/405112.png,Attacker,163
405298,17,,"",,"","N. Rizzo","",47,https://media.api-sports.io/football/players/405298.png,Defender,496
405360,17,,"",,"","H. Armstrong","",45,https://media.api-sports.io/football/players/405360.png,Midfielder,45
405379,19,,"",,"","M. Young","",,https://media.api-sports.io/football/players/405379.png,Defender,426
405507,20,,"",,"","Ismael Santana","",44,https://media.api-sports.io/football/players/405507.png,Attacker,532
405530,17,,"",,"","Ezra Mayers","",63,https://media.api-sports.io/football/players/405530.png,Defender,48
405681,20,,"",,"","Lucas García","",42,https://media.api-sports.io/football/players/405681.png,Goalkeeper,547
406244,19,,"",,"","J. Manzambi","",44,https://media.api-sports.io/football/players/406244.png,Midfielder,160
406266,20,,"",,"","A. Fadal","",28,https://media.api-sports.io/football/players/406266.png,Midfielder,532
406855,19,,"",,"","B. Viadère","",29,https://media.api-sports.io/football/players/406855.png,Attacker,108
407017,24,,"",,"","M. Lumpungu","",64,https://media.api-sports.io/football/players/407017.png,Defender,84
407032,18,,"",,"","A. Nallo","",65,https://media.api-sports.io/football/players/407032.png,Defender,40
407033,19,,"",,"","Ismeal Kabia","",46,https://media.api-sports.io/football/players/407033.png,Attacker,42
407337,19,,"",,"","K. Nwanege","",99,https://media.api-sports.io/football/players/407337.png,Defender,504
407378,18,,"",,"","G. Sambo","",28,https://media.api-sports.io/football/players/407378.png,Midfielder,206
407916,19,,"",,"","Filipe Bordon","",76,https://media.api-sports.io/football/players/407916.png,Defender,487
408540,21,,"",,"","K. Mutandwa","",80,https://media.api-sports.io/football/players/408540.png,Attacker,490
408625,18,,"",,"","D. Renzetti","",59,https://media.api-sports.io/football/players/408625.png,Goalkeeper,487
408634,20,,"",,"","J. Ajayi","",72,https://media.api-sports.io/football/players/408634.png,Attacker,504
408853,18,,"",,"","M. Rots","",39,https://media.api-sports.io/football/players/408853.png,Defender,415
408854,20,,"",,"","G. Besselink","",41,https://media.api-sports.io/football/players/408854.png,Midfielder,415
409047,18,,"",,"","G. Leoni","",46,https://media.api-sports.io/football/players/409047.png,Defender,523
409216,18,,"",,"","Senny Mayulu","",24,https://media.api-sports.io/football/players/409216.png,Midfielder,85
409411,20,,"",,"","Ali Jasim","",14,https://media.api-sports.io/football/players/409411.png,Midfielder,895
409840,20,,"",,"","J. Uneken","",38,https://media.api-sports.io/football/players/409840.png,Attacker,197
410281,18,,"",,"","P. Irie","",,https://media.api-sports.io/football/players/410281.png,Defender,106
410396,17,,"",,"","M. Liberali","",30,https://media.api-sports.io/football/players/410396.png,Attacker,489
410398,18,,"",,"","F. Desole","",87,https://media.api-sports.io/football/players/410398.png,Defender,503
410399,18,,"",,"","F. Pagnucco","",46,https://media.api-sports.io/football/players/410399.png,Defender,496
410400,18,,"",,"","F. Plaia","",45,https://media.api-sports.io/football/players/410400.png,Goalkeeper,503
411424,19,,"",,"","Miquel Salas","",28,https://media.api-sports.io/football/players/411424.png,Midfielder,798
411702,19,,"",,"","Pau Cabanes","",33,https://media.api-sports.io/football/players/411702.png,Attacker,533
411751,19,,"",,"","Hugo de Llanos García","",40,https://media.api-sports.io/football/players/411751.png,Midfielder,541
411755,18,,"",,"","A. Pavlešić","",37,https://media.api-sports.io/football/players/411755.png,Goalkeeper,157
412152,18,,"",,"","Jayden Moore","",57,https://media.api-sports.io/football/players/412152.png,Defender,41
412704,18,,"",,"","Noah Darvich","",34,https://media.api-sports.io/football/players/412704.png,Midfielder,529
412711,18,,"",,"","Saïmon Bouabré","",42,https://media.api-sports.io/football/players/412711.png,Midfielder,91
412737,18,,"",,"","Raúl Jiménez Latorre","",34,https://media.api-sports.io/football/players/412737.png,Goalkeeper,532
412759,18,,"",,"","J. Canvot","",29,https://media.api-sports.io/football/players/412759.png,Defender,96
412760,17,,"",,"","M. Niflore","",60,https://media.api-sports.io/football/players/412760.png,Goalkeeper,96
412847,18,,"",,"","Oluwaseun God Power Osaro Ogbemudia","",41,https://media.api-sports.io/football/players/412847.png,Defender,182
412871,18,,"",,"","W. Kuhn","",36,https://media.api-sports.io/football/players/412871.png,Defender,197
412872,18,,"",,"","D. Janse","",36,https://media.api-sports.io/football/players/412872.png,Defender,194
412873,18,,"",,"","A. Sliti","",57,https://media.api-sports.io/football/players/412873.png,Attacker,209
412879,18,,"",,"","J. Mesbahi","",24,https://media.api-sports.io/football/players/412879.png,Defender,415
412882,18,,"",,"","P. Ugwu","",45,https://media.api-sports.io/football/players/412882.png,Defender,194
413065,18,,"",,"","Noahkai Kai Daniel Banks","",40,https://media.api-sports.io/football/players/413065.png,Defender,170
413072,18,,"",,"","Nuha Jatta","",38,https://media.api-sports.io/football/players/413072.png,Midfielder,173
413074,19,,"",,"","D. van Oorschot","",20,https://media.api-sports.io/football/players/413074.png,Attacker,206
413502,20,,"",,"","Mateo Flores","",46,https://media.api-sports.io/football/players/413502.png,Midfielder,543
414441,17,,"",,"","A. Montero","",42,https://media.api-sports.io/football/players/414441.png,Defender,496
415001,19,,"",,"","Deivid Washington","",36,https://media.api-sports.io/football/players/415001.png,Attacker,49
415089,19,,"",,"","Gabriel Moscardo","",19,https://media.api-sports.io/football/players/415089.png,Midfielder,93
415245,19,,"",,"","S. Bultman","",35,https://media.api-sports.io/football/players/415245.png,Defender,206
415431,19,,"",,"","S. El Mourabet","",,https://media.api-sports.io/football/players/415431.png,Midfielder,95
416268,17,,"",,"","Fernando Dickes","",33,https://media.api-sports.io/football/players/416268.png,Goalkeeper,173
416341,19,,"",,"","A. Bais","",,https://media.api-sports.io/football/players/416341.png,Attacker,426
416697,16,,"",,"","J. Porter","",92,https://media.api-sports.io/football/players/416697.png,Goalkeeper,42
417830,18,,"",,"","A. Ait Boudlal","",48,https://media.api-sports.io/football/players/417830.png,Defender,94
418333,18,,"",,"","E. Scaramelli","",53,https://media.api-sports.io/football/players/418333.png,Midfielder,1579
418846,18,,"",,"","D. De Battisti","",71,https://media.api-sports.io/football/players/418846.png,Defender,504
419423,19,,"",,"","A. Manzoni","",46,https://media.api-sports.io/football/players/419423.png,Midfielder,499
419583,18,,"",,"","T. Diallo","",35,https://media.api-sports.io/football/players/419583.png,Midfielder,95
419584,18,,"",,"","J. Tincres","",,https://media.api-sports.io/football/players/419584.png,Attacker,91
419627,18,,"",,"","O. Raterink","",33,https://media.api-sports.io/football/players/419627.png,Midfielder,168
419912,20,,"",,"","O. Sadik","",32,https://media.api-sports.io/football/players/419912.png,Attacker,540
420351,17,,"",,"","Elias  Benkara","",,https://media.api-sports.io/football/players/420351.png,Defender,165
420932,20,,"",,"","F. Turay","",23,https://media.api-sports.io/football/players/420932.png,Attacker,202
421807,21,,"",,"","M. Moreno","",22,https://media.api-sports.io/football/players/421807.png,Defender,502
421875,18,,"",,"","S. Cherif","",11,https://media.api-sports.io/football/players/421875.png,Attacker,77
422152,18,,"",,"","L. Tosto","",31,https://media.api-sports.io/football/players/422152.png,Defender,511
422156,16,,"",,"","M. Palma","",16,https://media.api-sports.io/football/players/422156.png,Defender,494
422407,19,,"",,"","Mayssam Benama","",47,https://media.api-sports.io/football/players/422407.png,Midfielder,91
422572,19,,"",,"","K. Shiogai","",9,https://media.api-sports.io/football/players/422572.png,Attacker,413
422595,19,,"",,"","L. Zogbe","",12,https://media.api-sports.io/football/players/422595.png,Defender,106
425207,17,,"",,"","M. Courcoul","",5,https://media.api-sports.io/football/players/425207.png,Defender,77
425585,20,,"",,"","O. Braude","",45,https://media.api-sports.io/football/players/425585.png,Midfielder,210
425819,20,,"",,"","G. Zechiël","",24,https://media.api-sports.io/football/players/425819.png,Midfielder,209
425821,20,,"",,"","N. Fichtinger","",34,https://media.api-sports.io/football/players/425821.png,Midfielder,193
426312,22,,"",,"","O. Demir","",17,https://media.api-sports.io/football/players/426312.png,Attacker,205
427274,21,,"",,"","M. Witteveen","",28,https://media.api-sports.io/football/players/427274.png,Midfielder,210
427736,19,,"",,"","Gustavo Gomes","",39,https://media.api-sports.io/football/players/427736.png,Attacker,55
428077,19,,"",,"","H. Kuster","",29,https://media.api-sports.io/football/players/428077.png,Midfielder,415
428228,19,,"",,"","M. Brezzo","",22,https://media.api-sports.io/football/players/428228.png,Goalkeeper,503
429024,20,,"",,"","N. Martens","",40,https://media.api-sports.io/football/players/429024.png,Goalkeeper,205
430091,18,,"",,"","I. Dorgu","",40,https://media.api-sports.io/football/players/430091.png,Attacker,495
430734,18,,"",,"","Y. Konak","",26,https://media.api-sports.io/football/players/430734.png,Midfielder,55
430816,19,,"",,"","N. Edjouma","",35,https://media.api-sports.io/football/players/430816.png,Attacker,96
431887,21,,"",,"","E. van Ee","",21,https://media.api-sports.io/football/players/431887.png,Midfielder,210
431890,20,,"",,"","Juan Herzog","",28,https://media.api-sports.io/football/players/431890.png,Defender,534
431914,18,,"",,"","Jonathan Akaegbobi","",37,https://media.api-sports.io/football/players/431914.png,Attacker,161
431921,18,,"",,"","Adam Aznou Ben Cheikh","",49,https://media.api-sports.io/football/players/431921.png,Defender,157
431946,18,,"",,"","Bennit Bröger","",38,https://media.api-sports.io/football/players/431946.png,Midfielder,161
432057,19,,"",,"","M. Anas","",61,https://media.api-sports.io/football/players/432057.png,Attacker,523
432476,18,,"",,"","V. Krapyvtsov","",,https://media.api-sports.io/football/players/432476.png,Goalkeeper,547
433395,19,,"",,"","Álvaro Cortés Moyano","",43,https://media.api-sports.io/football/players/433395.png,Defender,529
433396,17,,"",,"","Marc Bernal","",28,https://media.api-sports.io/football/players/433396.png,Midfielder,529
433623,20,,"",,"","L. Mol","",28,https://media.api-sports.io/football/players/433623.png,Defender,203
434028,19,,"",,"","N. Verschuren","",42,https://media.api-sports.io/football/players/434028.png,Defender,194
434180,17,,"",,"","Aidan Borland","",54,https://media.api-sports.io/football/players/434180.png,Midfielder,66
434204,19,,"",,"","M. Dors","",40,https://media.api-sports.io/football/players/434204.png,Midfielder,419
435086,17,,"",,"","T. Neininger","",44,https://media.api-sports.io/football/players/435086.png,Defender,161
435089,17,,"",,"","Leon Klanac","",,https://media.api-sports.io/football/players/435089.png,Goalkeeper,157
435552,19,,"",,"","Pau Navarro","",26,https://media.api-sports.io/football/players/435552.png,Defender,533
436193,18,,"",,"","S. Fernandes","",19,https://media.api-sports.io/football/players/436193.png,Attacker,203
436249,19,,"",,"","L. Di Tommaso","",53,https://media.api-sports.io/football/players/436249.png,Midfielder,487
436251,19,,"",,"","P. Comi","",40,https://media.api-sports.io/football/players/436251.png,Defender,499
436260,16,,"",,"","F. Camarda","",73,https://media.api-sports.io/football/players/436260.png,Attacker,489
436263,19,,"",,"","Mike Aidoo","",50,https://media.api-sports.io/football/players/436263.png,Defender,505
436443,17,,"",,"","J. Kusi-Asare","",41,https://media.api-sports.io/football/players/436443.png,Attacker,157
436925,18,,"",,"","Javier Gil","",41,https://media.api-sports.io/football/players/436925.png,Defender,496
436927,19,,"",,"","A. Owusu","",43,https://media.api-sports.io/football/players/436927.png,Midfielder,496
437088,18,,"",,"","T. Gabellini","",86,https://media.api-sports.io/football/players/437088.png,Attacker,503
437089,19,,"",,"","M. Dalla Vecchia","",84,https://media.api-sports.io/football/players/437089.png,Midfielder,503
437091,20,,"",,"","C. Papadopoulos","",45,https://media.api-sports.io/football/players/437091.png,Midfielder,496
437095,18,,"",,"","T. Rubino","",66,https://media.api-sports.io/football/players/437095.png,Midfielder,502
437099,18,,"",,"","Renato Bellucci","",89,https://media.api-sports.io/football/players/437099.png,Goalkeeper,497
437143,18,,"",,"","A. Delplace","",50,https://media.api-sports.io/football/players/437143.png,Goalkeeper,116
437482,19,,"",,"","A. Koné","",72,https://media.api-sports.io/football/players/437482.png,Midfielder,93
437483,20,,"",,"","A.  Bamba","",63,https://media.api-sports.io/football/players/437483.png,Midfielder,93
437498,17,,"",,"","A. Doumbouya","",44,https://media.api-sports.io/football/players/437498.png,Defender,84
437529,18,,"",,"","N. Obougoujacquet","",,https://media.api-sports.io/football/players/437529.png,Attacker,111
437559,17,,"",,"","M. Hudson","",,https://media.api-sports.io/football/players/437559.png,Goalkeeper,50
437643,19,,"",,"","Peio Canales","",28,https://media.api-sports.io/football/players/437643.png,Midfielder,531
437760,17,,"",,"","R. Messi","",47,https://media.api-sports.io/football/players/437760.png,Attacker,95
437767,19,,"",,"","M. Costarelli","",37,https://media.api-sports.io/football/players/437767.png,Defender,79
438039,17,,"",,"","A. Berretta","",54,https://media.api-sports.io/football/players/438039.png,Midfielder,1579
438131,20,,"",,"","Egoitz Muñoz","",27,https://media.api-sports.io/football/players/438131.png,Defender,542
438208,18,,"",,"","Andra Cogoni","",34,https://media.api-sports.io/football/players/438208.png,Defender,490
438215,19,,"",,"","C. Bianay Balcot","",80,https://media.api-sports.io/football/players/438215.png,Defender,503
438281,19,,"",,"","M. Nagida","",18,https://media.api-sports.io/football/players/438281.png,Defender,94
438284,19,,"",,"","Rafel Bauzà","",35,https://media.api-sports.io/football/players/438284.png,Midfielder,540
438688,17,,"",,"","A. Bouaddi","",32,https://media.api-sports.io/football/players/438688.png,Midfielder,79
438750,20,,"",,"","Aimane Jaddi","",30,https://media.api-sports.io/football/players/438750.png,Attacker,203
438752,18,,"",,"","D. Diongu","",17,https://media.api-sports.io/football/players/438752.png,Midfielder,95
438816,18,,"",,"","A. Diallo","",31,https://media.api-sports.io/football/players/438816.png,Midfielder,116
439578,17,,"",,"","David Otorbi","",27,https://media.api-sports.io/football/players/439578.png,Attacker,532
439700,18,,"",,"","Enric García","",30,https://media.api-sports.io/football/players/439700.png,Midfielder,547
439815,18,,"",,"","K. Diliwidi","",33,https://media.api-sports.io/football/players/439815.png,Attacker,116
439830,20,,"",,"","Wouter Prins","",2,https://media.api-sports.io/football/players/439830.png,Defender,202
439994,19,,"",,"","Pablo Busto","",42,https://media.api-sports.io/football/players/439994.png,Defender,543
440070,17,,"",,"","J. Stawiecki","",98,https://media.api-sports.io/football/players/440070.png,Goalkeeper,91
440159,16,,"",,"","G. Kukonki","",87,https://media.api-sports.io/football/players/440159.png,Defender,33
440339,17,,"",,"","Adrian Arnuncio","",29,https://media.api-sports.io/football/players/440339.png,Attacker,720
440748,20,,"",,"","Ãlvaro Killane","",30,https://media.api-sports.io/football/players/440748.png,Goalkeeper,534
441221,19,,"",,"","J. Plug","",43,https://media.api-sports.io/football/players/441221.png,Defender,209
441232,16,,"",,"","Guille Fernández","",41,https://media.api-sports.io/football/players/441232.png,Midfielder,529
441234,19,,"",,"","Cristobal Muñoz López","",,https://media.api-sports.io/football/players/441234.png,Midfielder,487
441244,17,,"",,"","Andrés Cuenca","",39,https://media.api-sports.io/football/players/441244.png,Defender,529
441264,16,,"",,"","K. Antonio","",,https://media.api-sports.io/football/players/441264.png,Defender,116
441274,18,,"",,"","I. Ka","",64,https://media.api-sports.io/football/players/441274.png,Goalkeeper,209
441280,19,,"",,"","G. Spina","",43,https://media.api-sports.io/football/players/441280.png,Defender,530
441284,18,,"",,"","Naoufel El Hannach","",45,https://media.api-sports.io/football/players/441284.png,Defender,85
441497,17,,"",,"","Daniel Yañez","",42,https://media.api-sports.io/football/players/441497.png,Attacker,541
441552,18,,"",,"","D. Pugno","",44,https://media.api-sports.io/football/players/441552.png,Attacker,496
442151,17,,"",,"","Niklas Swider","",39,https://media.api-sports.io/football/players/442151.png,Midfielder,163
442188,19,,"",,"","Iker Córdoba","",38,https://media.api-sports.io/football/players/442188.png,Defender,532
442861,18,,"",,"","A. Andreev","",43,https://media.api-sports.io/football/players/442861.png,Goalkeeper,547
442866,17,,"",,"","E. Pereira","",39,https://media.api-sports.io/football/players/442866.png,Midfielder,84
442929,19,,"",,"","A. Koné","",92,https://media.api-sports.io/football/players/442929.png,Defender,93
443141,19,,"",,"","K. Maussi Martins","",55,https://media.api-sports.io/football/players/443141.png,Attacker,1579
443162,19,,"",,"","Jesús Rodríguez","",36,https://media.api-sports.io/football/players/443162.png,Attacker,543
443501,18,,"",,"","F. Cassa","",25,https://media.api-sports.io/football/players/443501.png,Midfielder,499
443668,19,,"",,"","Rayane Belid","",45,https://media.api-sports.io/football/players/443668.png,Attacker,530
443674,18,,"",,"","Louis Leroux","",66,https://media.api-sports.io/football/players/443674.png,Midfielder,83
443676,18,,"",,"","Bahereba Guirassy","",62,https://media.api-sports.io/football/players/443676.png,Attacker,83
443829,16,,"",,"","J. Mokio","",31,https://media.api-sports.io/football/players/443829.png,Defender,194
444561,19,,"",,"","I. Camara","",36,https://media.api-sports.io/football/players/444561.png,Midfielder,84
444786,18,,"",,"","E. Mahari","",81,https://media.api-sports.io/football/players/444786.png,Midfielder,503
444790,18,,"",,"","A. Oufkir","",,https://media.api-sports.io/football/players/444790.png,Attacker,426
444792,19,,"",,"","E. Poku","",39,https://media.api-sports.io/football/players/444792.png,Attacker,419
444975,17,,"",,"","Artem Stepanov","",29,https://media.api-sports.io/football/players/444975.png,Attacker,168
444990,17,,"",,"","M. Kirilov","",89,https://media.api-sports.io/football/players/444990.png,Midfielder,503
445940,20,,"",,"","Adrián Rosell","",30,https://media.api-sports.io/football/players/445940.png,Attacker,537
445973,16,,"",,"","Toni Fernández","",42,https://media.api-sports.io/football/players/445973.png,Attacker,529
446067,17,,"",,"","Buba Sangaré","",66,https://media.api-sports.io/football/players/446067.png,Defender,497
446089,17,,"",,"","M. Pessina","",25,https://media.api-sports.io/football/players/446089.png,Goalkeeper,500
446249,16,,"",,"","I. Mbaye","",49,https://media.api-sports.io/football/players/446249.png,Attacker,85
447410,18,,"",,"","D. Ghafour","",31,https://media.api-sports.io/football/players/447410.png,Midfielder,410
448977,18,,"",,"","E. Kouadio","",60,https://media.api-sports.io/football/players/448977.png,Defender,502
449063,17,,"",,"","Alex Garcia","",41,https://media.api-sports.io/football/players/449063.png,Attacker,548
449076,17,,"",,"","Nils Ramming","",43,https://media.api-sports.io/football/players/449076.png,Goalkeeper,169
449158,18,,"",,"","K. Abdallah","",48,https://media.api-sports.io/football/players/449158.png,Attacker,81
449245,18,,"",,"","Pedro Lima","",37,https://media.api-sports.io/football/players/449245.png,Defender,39
449509,18,,"",,"","Abdulay Bah","",35,https://media.api-sports.io/football/players/449509.png,Defender,720
449659,17,,"",,"","I. Kanté","",32,https://media.api-sports.io/football/players/449659.png,Attacker,106
449660,17,,"",,"","E. Sternal","",22,https://media.api-sports.io/football/players/449660.png,Attacker,81
449662,17,,"",,"","M. Meïté","",62,https://media.api-sports.io/football/players/449662.png,Attacker,94
449676,17,,"",,"","S. Nibombé","",44,https://media.api-sports.io/football/players/449676.png,Midfielder,91
449714,17,,"",,"","M. Angely","",22,https://media.api-sports.io/football/players/449714.png,Defender,161
449806,17,,"",,"","F. Nardin","",72,https://media.api-sports.io/football/players/449806.png,Defender,497
449985,17,,"",,"","Marwin Reiner Ian Schmitz","",42,https://media.api-sports.io/football/players/449985.png,Midfielder,186
451355,17,,"",,"","Diego Aguado","",43,https://media.api-sports.io/football/players/451355.png,Defender,541
451504,18,,"",,"","J. Ekhator","",21,https://media.api-sports.io/football/players/451504.png,Attacker,495
451583,16,,"",,"","K. Braithwaite","",61,https://media.api-sports.io/football/players/451583.png,Defender,50
451702,18,,"",,"","A. Cissé","",33,https://media.api-sports.io/football/players/451702.png,Defender,95
451961,17,,"",,"","G. Zohouri","",34,https://media.api-sports.io/football/players/451961.png,Midfielder,111
452029,19,,"",,"","Federico Chinetti","",60,https://media.api-sports.io/football/players/452029.png,Attacker,895
452033,18,,"",,"","L. Venturino","",76,https://media.api-sports.io/football/players/452033.png,Attacker,495
452315,18,,"",,"","K. Pedro","",45,https://media.api-sports.io/football/players/452315.png,Defender,1063
452390,19,,"",,"","Nils Eggens","",57,https://media.api-sports.io/football/players/452390.png,Attacker,202
452409,17,,"",,"","B. Popov","",77,https://media.api-sports.io/football/players/452409.png,Attacker,511
452430,18,,"",,"","S. Perciun","",83,https://media.api-sports.io/football/players/452430.png,Midfielder,503
452636,18,,"",,"","Roy Leicester","",70,https://media.api-sports.io/football/players/452636.png,Defender,202
452697,18,,"",,"","D. Methalie","",33,https://media.api-sports.io/football/players/452697.png,Defender,96
452816,18,,"",,"","Giuseppe Mazzaglia","",58,https://media.api-sports.io/football/players/452816.png,Midfielder,895
453707,17,,"",,"","M. Bresser","",33,https://media.api-sports.io/football/players/453707.png,Defender,197
453717,17,,"",,"","E. Gürbüz","",,https://media.api-sports.io/football/players/453717.png,Attacker,210
453719,17,,"",,"","L. Nieuwenhuijs","",26,https://media.api-sports.io/football/players/453719.png,Attacker,413
453792,18,,"",,"","A. Bamba","",45,https://media.api-sports.io/football/players/453792.png,Midfielder,91
453906,16,,"",,"","H. Ahanor","",69,https://media.api-sports.io/football/players/453906.png,Defender,495
453918,19,,"",,"","Cherrion Valerius","",25,https://media.api-sports.io/football/players/453918.png,Defender,203
454348,19,,"",,"","A. Luna","",28,https://media.api-sports.io/football/players/454348.png,Attacker,504
454432,19,,"",,"","N. Sissoko","",74,https://media.api-sports.io/football/players/454432.png,Attacker,93
454491,18,,"",,"","Djordjije Medenica","",35,https://media.api-sports.io/football/players/454491.png,Goalkeeper,546
454545,18,,"",,"","Sven Bouland","",67,https://media.api-sports.io/football/players/454545.png,Defender,202
455243,18,,"",,"","A. Moussaoui","",34,https://media.api-sports.io/football/players/455243.png,Attacker,77
455245,17,,"",,"","D. Bakola","",50,https://media.api-sports.io/football/players/455245.png,Midfielder,81
455286,17,,"",,"","J. Yanda","",37,https://media.api-sports.io/football/players/455286.png,Defender,186
455290,17,,"",,"","Wesley Adeh","",48,https://media.api-sports.io/football/players/455290.png,Midfielder,162
455366,20,,"",,"","P. Ba","",44,https://media.api-sports.io/football/players/455366.png,Attacker,547
456619,17,,"",,"","Manu González","",41,https://media.api-sports.io/football/players/456619.png,Goalkeeper,543
456831,17,,"",,"","M. Louãr","",33,https://media.api-sports.io/football/players/456831.png,Defender,77
457578,18,,"",,"",Cristian,"",26,https://media.api-sports.io/football/players/457578.png,Defender,867
459203,16,,"",,"","M. Hardy","",79,https://media.api-sports.io/football/players/459203.png,Defender,47
459711,20,,"",,"","G. Ngosso","",28,https://media.api-sports.io/football/players/459711.png,Attacker,82
460805,18,,"",,"","D. Mosengo","",78,https://media.api-sports.io/football/players/460805.png,Midfielder,111
461463,18,,"",,"","M. Saka","",39,https://media.api-sports.io/football/players/461463.png,Midfielder,96
461502,19,,"",,"","Llorenç Serred","",34,https://media.api-sports.io/football/players/461502.png,Goalkeeper,540
462229,16,,"",,"","T. Campaniello","",,https://media.api-sports.io/football/players/462229.png,Attacker,511
462277,17,,"",,"","I. Salhi","",41,https://media.api-sports.io/football/players/462277.png,Defender,84
463280,19,,"",,"","A. Diatta","",32,https://media.api-sports.io/football/players/463280.png,Midfielder,533
465020,18,,"",,"","M. Bonadiman","",85,https://media.api-sports.io/football/players/465020.png,Defender,503
465278,20,,"",,"","Thomas Reinders","",15,https://media.api-sports.io/football/players/465278.png,Defender,413
465310,16,,"",,"","L. Williams-Barnett","",78,https://media.api-sports.io/football/players/465310.png,Attacker,47
465838,19,,"",,"","Alberto Risco","",26,https://media.api-sports.io/football/players/465838.png,Midfielder,546
465903,20,,"",,"","Jay Kuiper","",30,https://media.api-sports.io/football/players/465903.png,Defender,419
467813,19,,"",,"","Dean Bisschops","",,https://media.api-sports.io/football/players/467813.png,Defender,205
467814,20,,"",,"","Ramazan Bayram","",71,https://media.api-sports.io/football/players/467814.png,Goalkeeper,205
467927,17,,"",,"","A. Siljevic","",42,https://media.api-sports.io/football/players/467927.png,Goalkeeper,169
469318,18,,"",,"","Fellipe Jack","",15,https://media.api-sports.io/football/players/469318.png,Defender,895
469478,17,,"",,"","Sjors-Lowis Hermsen","",27,https://media.api-sports.io/football/players/469478.png,Attacker,205
469695,17,,"",,"","V. Gebel","",47,https://media.api-sports.io/football/players/469695.png,Midfielder,173
470411,18,,"",,"","D. Bifulco","",51,https://media.api-sports.io/football/players/470411.png,Goalkeeper,1579
470471,19,,"",,"","Jop Tijink","",27,https://media.api-sports.io/football/players/470471.png,Defender,206
470472,20,,"",,"","Tristan Schenkhuizen","",38,https://media.api-sports.io/football/players/470472.png,Midfielder,205
470579,18,,"",,"","A. Chiesa","",61,https://media.api-sports.io/football/players/470579.png,Defender,895
470771,19,,"",,"","V. Di Leva","",,https://media.api-sports.io/football/players/470771.png,Midfielder,494
470837,17,,"",,"","F. Andrealli","",51,https://media.api-sports.io/football/players/470837.png,Midfielder,895
470952,18,,"",,"","Z. Rioda","",65,https://media.api-sports.io/football/players/470952.png,Defender,517
470963,18,,"",,"","M. Moretta","",60,https://media.api-sports.io/football/players/470963.png,Goalkeeper,523
470975,17,,"",,"","N. Trabucchi","",63,https://media.api-sports.io/football/players/470975.png,Defender,523
471027,17,,"",,"","B. SÃ¸rensen","",,https://media.api-sports.io/football/players/471027.png,Goalkeeper,503
471035,18,,"",,"","E. Zaia","",90,https://media.api-sports.io/football/players/471035.png,Defender,503
471106,17,,"",,"","E. Molébé","",29,https://media.api-sports.io/football/players/471106.png,Attacker,80
471649,19,,"",,"","S. El Haddad","",80,https://media.api-sports.io/football/players/471649.png,Midfielder,517
472079,18,,"",,"","William Feola","",57,https://media.api-sports.io/football/players/472079.png,Defender,895
473416,20,,"",,"","D. van der Werff","",46,https://media.api-sports.io/football/players/473416.png,Midfielder,202
474378,18,,"",,"","Don-Angelo Christoffel Annum-Assamoah Konadu","",59,https://media.api-sports.io/football/players/474378.png,Attacker,194
474884,19,,"",,"","Carlo Soldati","",,https://media.api-sports.io/football/players/474884.png,Defender,490
475931,20,,"",,"","O. Mohamedhoesein","",27,https://media.api-sports.io/football/players/475931.png,Midfielder,413
476834,19,,"",,"","Donte Apinsa","",32,https://media.api-sports.io/football/players/476834.png,Defender,410
477124,18,,"",,"","V. Orakpo","",45,https://media.api-sports.io/football/players/477124.png,Attacker,84
478243,19,,"",,"","Marco de las Sías","",26,https://media.api-sports.io/football/players/478243.png,Defender,728
478663,16,,"",,"","E. İş","",,https://media.api-sports.io/football/players/478663.png,Midfielder,169
479269,16,,"",,"","F. Sakar","",31,https://media.api-sports.io/football/players/479269.png,Midfielder,173
479629,17,,"",,"","D. van Reeuwijk","",18,https://media.api-sports.io/football/players/479629.png,Defender,203
480317,18,,"",,"","Marco Speelman","",56,https://media.api-sports.io/football/players/480317.png,Defender,202
480392,17,,"",,"","Jens Mathijsen","",48,https://media.api-sports.io/football/players/480392.png,Defender,195
480393,20,,"",,"","Per van Loon","",50,https://media.api-sports.io/football/players/480393.png,Midfielder,195
480853,20,,"",,"","Ties Oostra","",35,https://media.api-sports.io/football/players/480853.png,Midfielder,210
480854,19,,"",,"","Isaiah Ahmed","",39,https://media.api-sports.io/football/players/480854.png,Midfielder,210
480855,19,,"",,"","Dimitris Rallis","",26,https://media.api-sports.io/football/players/480855.png,Attacker,210
481055,19,,"",,"","T. Codinha","",39,https://media.api-sports.io/football/players/481055.png,Midfielder,206
481993,17,,"",,"","Valentín Pezzolesi","",27,https://media.api-sports.io/football/players/481993.png,Defender,534
482071,17,,"",,"","Diego Ferrer","",40,https://media.api-sports.io/football/players/482071.png,Goalkeeper,546
482467,19,,"",,"","Yaël Nandjou","",42,https://media.api-sports.io/football/players/482467.png,Defender,84
482473,18,,"",,"","Marc Domenech","",30,https://media.api-sports.io/football/players/482473.png,Attacker,798
484474,19,,"",,"","J. Valou","",37,https://media.api-sports.io/football/players/484474.png,Defender,533
485609,16,,"",,"","F. Steffanoni","",50,https://media.api-sports.io/football/players/485609.png,Midfielder,499
485957,19,,"",,"","Serigne Diop","",33,https://media.api-sports.io/football/players/485957.png,Attacker,106
486065,18,,"",,"","Jonah te Fruchte","",36,https://media.api-sports.io/football/players/486065.png,Goalkeeper,206
486068,19,,"",,"","Víctor Puig","",31,https://media.api-sports.io/football/players/486068.png,Goalkeeper,534
486136,18,,"",,"","I. Cossier","",35,https://media.api-sports.io/football/players/486136.png,Defender,79
486472,,,"",,"","Álvaro García","",42,https://media.api-sports.io/football/players/486472.png,Attacker,536
486523,16,,"",,"","B. Hawighorst","",28,https://media.api-sports.io/football/players/486523.png,Defender,168
486620,18,,"",,"","C. Mamilo","",43,https://media.api-sports.io/football/players/486620.png,Defender,82
490095,19,,"",,"","Aristide Zossou","",77,https://media.api-sports.io/football/players/490095.png,Midfielder,108
490848,19,,"",,"","Sergio Viera","",33,https://media.api-sports.io/football/players/490848.png,Midfielder,534
491103,17,,"",,"","A. Tape","",34,https://media.api-sports.io/football/players/491103.png,Midfielder,85
491113,17,,"",,"","Pau Funallet","",41,https://media.api-sports.io/football/players/491113.png,Goalkeeper,547
493646,17,,"",,"","Andrea Vailati","",56,https://media.api-sports.io/football/players/493646.png,Goalkeeper,1579
494104,19,,"",,"",Valentino,"",32,https://media.api-sports.io/football/players/494104.png,Defender,534
495307,17,,"",,"","D. Bembnista","",37,https://media.api-sports.io/football/players/495307.png,Defender,511
496426,18,,"",,"","Owen Panneflek","",48,https://media.api-sports.io/football/players/496426.png,Attacker,415
496665,18,,"",,"",Suleiman,"",29,https://media.api-sports.io/football/players/496665.png,Attacker,537
497107,19,,"",,"","R. Baheng","",33,https://media.api-sports.io/football/players/497107.png,Defender,81
498791,18,,"",,"","R. Le Guen","",,https://media.api-sports.io/football/players/498791.png,Defender,106
502387,18,,"",,"","Fares Bousnina","",34,https://media.api-sports.io/football/players/502387.png,Attacker,84
502512,18,,"",,"","Uriel van Aalst","",51,https://media.api-sports.io/football/players/502512.png,Midfielder,195
503141,,,"",,"","Tjalling Keimpema","",,https://media.api-sports.io/football/players/503141.png,Goalkeeper,210
503702,18,,"",,"","Bernard Nguene","",,https://media.api-sports.io/football/players/503702.png,Attacker,84
